﻿<?xml version="1.0" encoding="utf-8"?>
<ERSolutionVersion DateTime="2017-03-08T08:46:05" Number="9" PublicVersionNumber="9" VersionStatus="1">
  <Solution>
    <ERSolution ID.="{F631248E-9204-4F43-9FC8-437544E9FC4E}" Name="PDO">
      <Vendor>
        <ERVendor Name="Adacta" Url="http://adacta-group.com" />
      </Vendor>
      <Contents.>
        <Ref. ID.="{8DA29A91-48CF-452D-9BC6-10D9303CFCA0}" />
        <Ref. ID.="{4CEE6E61-7DB1-473C-9450-956DD701D6A0}" />
      </Contents.>
    </ERSolution>
  </Solution>
  <Contents.>
    <ERDataModelVersion ID.="{8DA29A91-48CF-452D-9BC6-10D9303CFCA0},4" DateTime="2017-03-08T08:38:20" Number="4">
      <Model>
        <ERDataModel ID.="{8DA29A91-48CF-452D-9BC6-10D9303CFCA0}" Name="PDO">
          <Contents.>
            <ERDataContainerDescriptor ID.="PDO" IsRoot="1" Name="PDO">
              <Contents.>
                <ERDataContainerDescriptorItem IsTypeDescriptorHost="1" Name="Section header" Type="10" TypeDescriptor="Section header_1" />
                <ERDataContainerDescriptorItem IsTypeDescriptorHost="1" Name="Section lines" Type="11" TypeDescriptor="Section lines_1" />
                <ERDataContainerDescriptorItem IsTypeDescriptorHost="1" Name="Tax payer" Type="10" TypeDescriptor="Tax payer_2" />
              </Contents.>
            </ERDataContainerDescriptor>
            <ERDataContainerDescriptor ID.="Tax payer_2" Name="Tax payer_2">
              <Contents.>
                <ERDataContainerDescriptorItem Name="Tax number" Type="6" />
                <ERDataContainerDescriptorItem Name="Tax payer type" Type="6" />
              </Contents.>
            </ERDataContainerDescriptor>
            <ERDataContainerDescriptor ID.="Section lines_1" Name="Section lines_1">
              <Contents.>
                <ERDataContainerDescriptorItem Name="Line amount" Type="5" />
                <ERDataContainerDescriptorItem Name="Line month" Type="6" />
                <ERDataContainerDescriptorItem Name="Line tax number" Type="6" />
                <ERDataContainerDescriptorItem Name="Line type" Type="6" />
                <ERDataContainerDescriptorItem Name="Line year" Type="6" />
              </Contents.>
            </ERDataContainerDescriptor>
            <ERDataContainerDescriptor ID.="Section header_1" Name="Section header_1">
              <Contents.>
                <ERDataContainerDescriptorItem Name="Header month" Type="6" />
                <ERDataContainerDescriptorItem Name="Header name" Type="6" />
                <ERDataContainerDescriptorItem Name="Header tax number" Type="6" />
                <ERDataContainerDescriptorItem Name="Header year" Type="6" />
              </Contents.>
            </ERDataContainerDescriptor>
          </Contents.>
        </ERDataModel>
      </Model>
    </ERDataModelVersion>
    <ERModelMappingVersion ID.="{4CEE6E61-7DB1-473C-9450-956DD701D6A0},8" DateTime="2017-03-08T08:46:05" Number="8">
      <Mapping>
        <ERModelMapping ID.="{4CEE6E61-7DB1-473C-9450-956DD701D6A0}" DataContainerDescriptor="PDO" Model="{8DA29A91-48CF-452D-9BC6-10D9303CFCA0}" ModelName="PDO" ModelVersion="{8DA29A91-48CF-452D-9BC6-10D9303CFCA0},4">
          <Binding>
            <ERDataContainerBinding>
              <Contents.>
                <ERDataContainerPathBinding ExpressionAsString="DDVPDOLine_SI" Path="Section lines">
                  <Expression>
                    <ERExpressionListItemValue ItemPath="DDVPDOLine_SI" />
                  </Expression>
                </ERDataContainerPathBinding>
                <ERDataContainerPathBinding ExpressionAsString="DDVPDOLine_SI.Section" Path="Section lines/Line type">
                  <Expression>
                    <ERExpressionStringItemValue ItemPath="DDVPDOLine_SI/Section" />
                  </Expression>
                </ERDataContainerPathBinding>
                <ERDataContainerPathBinding ExpressionAsString="CASE(DDVPDOTable_SI.Month, &#xA;&#xA;MonthsOfYear.January, &quot;1&quot;, &#xA;MonthsOfYear.February, &quot;2&quot;,&#xA;&#xA;MonthsOfYear.March, &quot;3&quot;,&#xA;MonthsOfYear.April, &quot;4&quot;,&#xA;&#xA;MonthsOfYear.May, &quot;5&quot;,&#xA;MonthsOfYear.June, &quot;6&quot;,&#xA;&#xA;MonthsOfYear.July, &quot;7&quot;, &#xA;MonthsOfYear.August, &quot;8&quot;,&#xA;&#xA;MonthsOfYear.September, &quot;9&quot;,&#xA;MonthsOfYear.October, &quot;10&quot;,&#xA;&#xA;MonthsOfYear.November, &quot;11&quot;,&#xA;MonthsOfYear.December, &quot;12&quot;&#xA;&#xA;)" Path="Section header/Header month" SyntaxVersion="1">
                  <Expression>
                    <ERExpressionGenericCase>
                      <Contents.>
                        <ERExpressionEnumItemValue ItemPath="DDVPDOTable_SI/Month" />
                        <ERExpressionEnumItemValue ItemPath="MonthsOfYear/January" />
                        <ERExpressionStringConstant Value="1" />
                        <ERExpressionEnumItemValue ItemPath="MonthsOfYear/February" />
                        <ERExpressionStringConstant Value="2" />
                        <ERExpressionEnumItemValue ItemPath="MonthsOfYear/March" />
                        <ERExpressionStringConstant Value="3" />
                        <ERExpressionEnumItemValue ItemPath="MonthsOfYear/April" />
                        <ERExpressionStringConstant Value="4" />
                        <ERExpressionEnumItemValue ItemPath="MonthsOfYear/May" />
                        <ERExpressionStringConstant Value="5" />
                        <ERExpressionEnumItemValue ItemPath="MonthsOfYear/June" />
                        <ERExpressionStringConstant Value="6" />
                        <ERExpressionEnumItemValue ItemPath="MonthsOfYear/July" />
                        <ERExpressionStringConstant Value="7" />
                        <ERExpressionEnumItemValue ItemPath="MonthsOfYear/August" />
                        <ERExpressionStringConstant Value="8" />
                        <ERExpressionEnumItemValue ItemPath="MonthsOfYear/September" />
                        <ERExpressionStringConstant Value="9" />
                        <ERExpressionEnumItemValue ItemPath="MonthsOfYear/October" />
                        <ERExpressionStringConstant Value="10" />
                        <ERExpressionEnumItemValue ItemPath="MonthsOfYear/November" />
                        <ERExpressionStringConstant Value="11" />
                        <ERExpressionEnumItemValue ItemPath="MonthsOfYear/December" />
                        <ERExpressionStringConstant Value="12" />
                      </Contents.>
                    </ERExpressionGenericCase>
                  </Expression>
                </ERDataContainerPathBinding>
                <ERDataContainerPathBinding ExpressionAsString="TEXT(DDVPDOTable_SI.Year)" Path="Section header/Header year" SyntaxVersion="1">
                  <Expression>
                    <ERExpressionStringToString>
                      <Input>
                        <erExpressionIntItemValue ItemPath="DDVPDOTable_SI/Year" />
                      </Input>
                    </ERExpressionStringToString>
                  </Expression>
                </ERDataContainerPathBinding>
                <ERDataContainerPathBinding ExpressionAsString="CompanyInfo.'name()'" Path="Section header/Header name">
                  <Expression>
                    <ERExpressionStringItemValue ItemPath="CompanyInfo/name()" />
                  </Expression>
                </ERDataContainerPathBinding>
                <ERDataContainerPathBinding ExpressionAsString="CompanyInfo.CoRegNum" Path="Section header/Header tax number">
                  <Expression>
                    <ERExpressionStringItemValue ItemPath="CompanyInfo/CoRegNum" />
                  </Expression>
                </ERDataContainerPathBinding>
                <ERDataContainerPathBinding ExpressionAsString="MID(DDVPDOLine_SI.VATNum, 3, LEN(DDVPDOLine_SI.VATNum) - 2)" Path="Section lines/Line tax number" SyntaxVersion="1">
                  <Expression>
                    <ERExpressionStringMid>
                      <Input>
                        <ERExpressionStringItemValue ItemPath="DDVPDOLine_SI/VATNum" />
                      </Input>
                      <NumChars>
                        <ERExpressionIntAdapter>
                          <Expression>
                            <ERExpressionNumericSubtract>
                              <Minuend>
                                <ERExpressionStringLen>
                                  <Input>
                                    <ERExpressionStringItemValue ItemPath="DDVPDOLine_SI/VATNum" />
                                  </Input>
                                </ERExpressionStringLen>
                              </Minuend>
                              <Subtraend>
                                <ERExpressionIntConstant Value="2" />
                              </Subtraend>
                            </ERExpressionNumericSubtract>
                          </Expression>
                        </ERExpressionIntAdapter>
                      </NumChars>
                      <StartNum>
                        <ERExpressionIntConstant Value="3" />
                      </StartNum>
                    </ERExpressionStringMid>
                  </Expression>
                </ERDataContainerPathBinding>
                <ERDataContainerPathBinding ExpressionAsString="NUMBERFORMAT(VALUE(DATEFORMAT(DDVPDOLine_SI.TransDate, &quot;MM&quot;)), &quot;#&quot;)" Path="Section lines/Line month" SyntaxVersion="1">
                  <Expression>
                    <ERExpressionNumberFormat>
                      <Format>
                        <ERExpressionStringConstant Value="#" />
                      </Format>
                      <Number>
                        <ERExpressionRealValue>
                          <Input>
                            <ERExpressionDateFormat>
                              <Date>
                                <ERExpressionDateItemValue ItemPath="DDVPDOLine_SI/TransDate" />
                              </Date>
                              <Format>
                                <ERExpressionStringConstant Value="MM" />
                              </Format>
                            </ERExpressionDateFormat>
                          </Input>
                        </ERExpressionRealValue>
                      </Number>
                    </ERExpressionNumberFormat>
                  </Expression>
                </ERDataContainerPathBinding>
                <ERDataContainerPathBinding ExpressionAsString="DATEFORMAT(DDVPDOLine_SI.TransDate, &quot;yyyy&quot;)" Path="Section lines/Line year" SyntaxVersion="1">
                  <Expression>
                    <ERExpressionDateFormat>
                      <Date>
                        <ERExpressionDateItemValue ItemPath="DDVPDOLine_SI/TransDate" />
                      </Date>
                      <Format>
                        <ERExpressionStringConstant Value="yyyy" />
                      </Format>
                    </ERExpressionDateFormat>
                  </Expression>
                </ERDataContainerPathBinding>
                <ERDataContainerPathBinding ExpressionAsString="CompanyInfo.TaxIdentification_SI" Path="Tax payer/Tax number">
                  <Expression>
                    <ERExpressionStringItemValue ItemPath="CompanyInfo/TaxIdentification_SI" />
                  </Expression>
                </ERDataContainerPathBinding>
                <ERDataContainerPathBinding ExpressionAsString="CASE(CompanyInfo.TaxablePersonType_SI, &#xA;TaxablePersonType_SI.PO, &quot;PO&quot;,&#xA;TaxablePersonType_SI.FO, &quot;FO&quot;,&#xA;TaxablePersonType_SI.SP, &quot;SP&quot;)" Path="Tax payer/Tax payer type" SyntaxVersion="1">
                  <Expression>
                    <ERExpressionGenericCase>
                      <Contents.>
                        <ERExpressionEnumItemValue ItemPath="CompanyInfo/TaxablePersonType_SI" />
                        <ERExpressionEnumItemValue ItemPath="TaxablePersonType_SI/PO" />
                        <ERExpressionStringConstant Value="PO" />
                        <ERExpressionEnumItemValue ItemPath="TaxablePersonType_SI/FO" />
                        <ERExpressionStringConstant Value="FO" />
                        <ERExpressionEnumItemValue ItemPath="TaxablePersonType_SI/SP" />
                        <ERExpressionStringConstant Value="SP" />
                      </Contents.>
                    </ERExpressionGenericCase>
                  </Expression>
                </ERDataContainerPathBinding>
                <ERDataContainerPathBinding ExpressionAsString="DDVPDOLine_SI.AmountMST" Path="Section lines/Line amount">
                  <Expression>
                    <ERExpressionRealItemValue ItemPath="DDVPDOLine_SI/AmountMST" />
                  </Expression>
                </ERDataContainerPathBinding>
              </Contents.>
            </ERDataContainerBinding>
          </Binding>
          <Datasource>
            <ERModelDefinition>
              <PathsToCache>
                <ERPathsToCache />
              </PathsToCache>
              <Contents.>
                <ERModelItemDefinition>
                  <ValueDefinition>
                    <ERModelItemValueDefinition Name="DDVPDOTable_SI">
                      <ValueSource>
                        <ERTableDataSourceHandler AskForQuery="1" Table="DDVPDOTable_SI" />
                      </ValueSource>
                    </ERModelItemValueDefinition>
                  </ValueDefinition>
                </ERModelItemDefinition>
                <ERModelItemDefinition>
                  <ValueDefinition>
                    <ERModelItemValueDefinition Name="DDVPDOLine_SI">
                      <ValueSource>
                        <ERTableDataSourceHandler AskForQuery="1" Table="DDVPDOLine_SI" />
                      </ValueSource>
                    </ERModelItemValueDefinition>
                  </ValueDefinition>
                </ERModelItemDefinition>
                <ERModelItemDefinition>
                  <ValueDefinition>
                    <ERModelItemValueDefinition Name="CompanyInfo">
                      <ValueSource>
                        <ERTableDataSourceHandler AskForQuery="1" Table="CompanyInfo" />
                      </ValueSource>
                    </ERModelItemValueDefinition>
                  </ValueDefinition>
                </ERModelItemDefinition>
                <ERModelItemDefinition>
                  <ValueDefinition>
                    <ERModelItemValueDefinition Name="TaxablePersonType_SI">
                      <ValueSource>
                        <EREnumDataSourceHandler EnumName="TaxablePersonType_SI" />
                      </ValueSource>
                    </ERModelItemValueDefinition>
                  </ValueDefinition>
                </ERModelItemDefinition>
                <ERModelItemDefinition>
                  <ValueDefinition>
                    <ERModelItemValueDefinition Name="MonthsOfYear">
                      <ValueSource>
                        <EREnumDataSourceHandler EnumName="MonthsOfYear" />
                      </ValueSource>
                    </ERModelItemValueDefinition>
                  </ValueDefinition>
                </ERModelItemDefinition>
              </Contents.>
            </ERModelDefinition>
          </Datasource>
          <Validations>
            <ERDataContainerBinding />
          </Validations>
        </ERModelMapping>
      </Mapping>
    </ERModelMappingVersion>
  </Contents.>
</ERSolutionVersion>