﻿<?xml version="1.0" encoding="utf-8"?>
<ERSolutionVersion DateTime="2017-03-08T08:54:33" Number="10" PublicVersionNumber="9.10" VersionStatus="1">
  <Solution>
    <ERSolution ID.="{2EB98E1D-9908-4FB2-BF78-B51C86786331}" Base="{F631248E-9204-4F43-9FC8-437544E9FC4E},9" Name="PDOXmlFormat">
      <Vendor>
        <ERVendor Name="Adacta" Url="http://adacta-group.com" />
      </Vendor>
      <Contents.>
        <Ref. ID.="{AF00FDBE-2E5A-4012-AD72-2D7AB88CFE11}" />
        <Ref. ID.="{519C4751-D9C5-4D01-A3BD-D5967E2600B0}" />
      </Contents.>
    </ERSolution>
  </Solution>
  <Contents.>
    <ERFormatVersion ID.="{AF00FDBE-2E5A-4012-AD72-2D7AB88CFE11},2" DateTime="2017-03-08T08:54:33" Number="2">
      <Format>
        <ERTextFormat ID.="{AF00FDBE-2E5A-4012-AD72-2D7AB88CFE11}" Name="PDOFormat" Type="ERComponentFormatTypeAttributeXML">
          <EnumList>
            <EREnumDefinitionList />
          </EnumList>
          <Root>
            <ERTextFormatFileComponent ID.="{16812A94-9EA9-4BF3-AE9B-1D594C47C8D2}" Encoding="utf-8">
              <ExtensionParameters>
                <ERFileExtensionParameters />
              </ExtensionParameters>
              <FormattingParameters>
                <ERFormattingParameters />
              </FormattingParameters>
              <Contents.>
                <ERTextFormatXMLElement ID.="{70262B57-82E2-4CDD-AB48-24BA7EA86A51}" Name="Envelope">
                  <Contents.>
                    <ERTextFormatXMLAttribute ID.="{57549852-724B-4C23-82FD-105A925FBC8A}" Name="xmlns" Value="http://edavki.durs.si/Documents/Schemas/PD_O_2.xsd" />
                    <ERTextFormatXMLElement ID.="{1E5FBE57-8772-4360-93FB-C300FDC9B307}" Name="Header">
                      <Contents.>
                        <ERTextFormatXMLAttribute ID.="{12B40EE1-8209-4BFC-8491-A73433E5A874}" Name="xmlns" Value="http://edavki.durs.si/Documents/Schemas/EDP-Common-1.xsd" />
                        <ERTextFormatXMLElement ID.="{CAD0DAEB-F44F-4044-9C92-6163A2BC6316}" Name="taxpayer">
                          <Contents.>
                            <ERTextFormatXMLElement ID.="{CB1ED06C-C1D1-4D38-983C-7DEC7756A08D}" Name="taxNumber">
                              <Contents.>
                                <ERTextFormatString ID.="{FD65F279-3475-4A03-9B42-EB9F2D9A2150}" />
                              </Contents.>
                            </ERTextFormatXMLElement>
                            <ERTextFormatXMLElement ID.="{204E15B2-C226-4238-B1E1-D3D2D44CE41E}" Name="taxpayerType">
                              <Contents.>
                                <ERTextFormatString ID.="{E33AD5B9-934D-4D50-82A0-1940AB6891C5}" />
                              </Contents.>
                            </ERTextFormatXMLElement>
                          </Contents.>
                        </ERTextFormatXMLElement>
                      </Contents.>
                    </ERTextFormatXMLElement>
                    <ERTextFormatXMLElement ID.="{FA06814E-4AC4-47E8-A908-80D454742DBA}" Name="Signatures">
                      <Contents.>
                        <ERTextFormatXMLAttribute ID.="{51B8ABED-938E-4A61-9A3C-A53ABCA654BF}" Name="xmlns" Value="http://edavki.durs.si/Documents/Schemas/EDP-Common-1.xsd" />
                      </Contents.>
                    </ERTextFormatXMLElement>
                    <ERTextFormatXMLElement ID.="{E44649C0-CEF0-43A4-B96E-7724690D3093}" Name="body">
                      <Contents.>
                        <ERTextFormatXMLElement ID.="{C8AE5B24-E78D-447A-8655-111E8891E3E6}" Name="bodyContent">
                          <Contents.>
                            <ERTextFormatXMLAttribute ID.="{CDABA272-B774-4F54-B866-C01BD86EF52D}" Name="xmlns" Value="http://edavki.durs.si/Documents/Schemas/EDP-Common-1.xsd" />
                          </Contents.>
                        </ERTextFormatXMLElement>
                        <ERTextFormatXMLElement ID.="{F9F8213C-3851-42EA-BA1A-F7F1BE8E5EB4}" Name="PD_O">
                          <Contents.>
                            <ERTextFormatXMLElement ID.="{435C0E7B-5920-4BE5-AB77-3374AA95F4FD}" Name="PeriodYear">
                              <Contents.>
                                <ERTextFormatString ID.="{487DA7E9-CEB1-47C4-A013-7DCB94223366}" />
                              </Contents.>
                            </ERTextFormatXMLElement>
                            <ERTextFormatXMLElement ID.="{0B79B309-4A33-46E3-A4FB-A537F13FDAF2}" Name="PeriodMonth">
                              <Contents.>
                                <ERTextFormatString ID.="{D3805404-40F7-4DC5-BB51-A15A3C1B2CA0}" />
                              </Contents.>
                            </ERTextFormatXMLElement>
                            <ERTextFormatXMLElement ID.="{FF044037-EC70-45CD-A7C1-D7181851E025}" Name="f17_Name">
                              <Contents.>
                                <ERTextFormatString ID.="{BB8A698A-9612-4CE8-885E-75436EC54FCA}" />
                              </Contents.>
                            </ERTextFormatXMLElement>
                            <ERTextFormatXMLElement ID.="{84F8A9BF-D1C1-45D2-8FC4-F725B72E9707}" Name="f17_TaxNumber">
                              <Contents.>
                                <ERTextFormatString ID.="{3094FA8B-5374-430E-8331-EC868F5CF858}" />
                              </Contents.>
                            </ERTextFormatXMLElement>
                            <ERTextFormatXMLSequence ID.="{4600B34E-1B11-442C-835B-3978F4236F75}" Name="Section A seq">
                              <Contents.>
                                <ERTextFormatXMLElement ID.="{6179EA7B-4428-45CD-9C85-2840E8C646B6}" Name="A">
                                  <Contents.>
                                    <ERTextFormatXMLElement ID.="{6F286C28-2E08-4E90-8A2B-CD78F4799547}" Name="A2">
                                      <Contents.>
                                        <ERTextFormatString ID.="{6ACFB66C-5A83-4EAB-B163-F93E087BFA1E}" />
                                      </Contents.>
                                    </ERTextFormatXMLElement>
                                    <ERTextFormatXMLElement ID.="{316C38FE-1CFC-489D-A9B4-28BDED5D4459}" Name="A3">
                                      <Contents.>
                                        <ERTextFormatString ID.="{695BD491-DB9D-4A99-AE0C-EA98DDA70468}" Transformation="{13677392-603E-4B81-9A01-A888A105F9A1}" />
                                      </Contents.>
                                    </ERTextFormatXMLElement>
                                  </Contents.>
                                </ERTextFormatXMLElement>
                              </Contents.>
                            </ERTextFormatXMLSequence>
                            <ERTextFormatXMLElement ID.="{120CF7BF-12AE-48C8-97BA-3574FB7D3C6E}" Name="A4">
                              <Contents.>
                                <ERTextFormatString ID.="{01C505A8-F7D0-41E3-A0D7-01C4F7595F54}" Transformation="{13677392-603E-4B81-9A01-A888A105F9A1}" />
                              </Contents.>
                            </ERTextFormatXMLElement>
                            <ERTextFormatXMLSequence ID.="{BFC6F090-F1E7-4CC8-A925-33F317E9D68F}" Name="Section B seq">
                              <Contents.>
                                <ERTextFormatXMLElement ID.="{F06E557F-5BD0-4072-876B-62742D22F5F9}" Name="B">
                                  <Contents.>
                                    <ERTextFormatXMLElement ID.="{FB9B6CC3-0372-4952-A64E-3F68C4BF6C97}" Name="B1_Year">
                                      <Contents.>
                                        <ERTextFormatString ID.="{0BE0295A-891F-48D0-AF6D-B011CAAC58C8}" />
                                      </Contents.>
                                    </ERTextFormatXMLElement>
                                    <ERTextFormatXMLElement ID.="{CCE794EE-4F5F-4606-B1BE-C796B4C4D762}" Name="B1_Month">
                                      <Contents.>
                                        <ERTextFormatString ID.="{84BFDA56-AC28-43A8-BF6A-F7C9D82BFBC2}" />
                                      </Contents.>
                                    </ERTextFormatXMLElement>
                                    <ERTextFormatXMLElement ID.="{D31D1BEF-4DD9-41CB-BEB5-03C5CBB60157}" Name="B2">
                                      <Contents.>
                                        <ERTextFormatString ID.="{000FEBC4-90A3-46E7-8127-E1EBE9868569}" />
                                      </Contents.>
                                    </ERTextFormatXMLElement>
                                    <ERTextFormatXMLElement ID.="{000E16B4-4F25-4AB9-855D-0E48CDB602DB}" Name="B3">
                                      <Contents.>
                                        <ERTextFormatString ID.="{330C7F9E-DA2E-4AA8-80B0-DACD88B0F20E}" Transformation="{13677392-603E-4B81-9A01-A888A105F9A1}" />
                                      </Contents.>
                                    </ERTextFormatXMLElement>
                                  </Contents.>
                                </ERTextFormatXMLElement>
                              </Contents.>
                            </ERTextFormatXMLSequence>
                          </Contents.>
                        </ERTextFormatXMLElement>
                      </Contents.>
                    </ERTextFormatXMLElement>
                  </Contents.>
                </ERTextFormatXMLElement>
              </Contents.>
            </ERTextFormatFileComponent>
          </Root>
          <TransformationRepository>
            <ErNamedTransformationsRepository>
              <Contents.>
                <ErNamedTextTransformation ID.="{0389CA02-3089-45DA-A6BB-519205DBE5A9}" Name="RoundNumberToZeroDecimalPlaces">
                  <Transformation>
                    <ErExpressionTransformation ID.="{13677392-603E-4B81-9A01-A888A105F9A1}" ExpressionAsString="ROUND(parameter, 0)" ParameterType="5" SyntaxVersion="1">
                      <Expression>
                        <ERExpressionRealRound>
                          <Decimals>
                            <ERExpressionIntConstant />
                          </Decimals>
                          <Number>
                            <ERExpressionRealItemValue ItemPath="parameter" />
                          </Number>
                        </ERExpressionRealRound>
                      </Expression>
                    </ErExpressionTransformation>
                  </Transformation>
                </ErNamedTextTransformation>
              </Contents.>
            </ErNamedTransformationsRepository>
          </TransformationRepository>
        </ERTextFormat>
      </Format>
    </ERFormatVersion>
    <ERFormatMappingVersion ID.="{519C4751-D9C5-4D01-A3BD-D5967E2600B0},8" DateTime="2017-03-08T08:54:33" Number="8">
      <Mapping>
        <ERFormatMapping ID.="{519C4751-D9C5-4D01-A3BD-D5967E2600B0}" Format="{AF00FDBE-2E5A-4012-AD72-2D7AB88CFE11}" FormatVersion="{AF00FDBE-2E5A-4012-AD72-2D7AB88CFE11},2" Name="PDOFormat">
          <Binding>
            <ERFormatBinding>
              <Contents.>
                <ERFormatComponentPropertyBinding Component="{FD65F279-3475-4A03-9B42-EB9F2D9A2150}" ExpressionAsString="model.'Tax payer'.'Tax number'">
                  <Expression>
                    <ERExpressionStringItemValue ItemPath="model/Tax payer/Tax number" />
                  </Expression>
                </ERFormatComponentPropertyBinding>
                <ERFormatComponentPropertyBinding Component="{E33AD5B9-934D-4D50-82A0-1940AB6891C5}" ExpressionAsString="model.'Tax payer'.'Tax payer type'">
                  <Expression>
                    <ERExpressionStringItemValue ItemPath="model/Tax payer/Tax payer type" />
                  </Expression>
                </ERFormatComponentPropertyBinding>
                <ERFormatComponentPropertyBinding Component="{487DA7E9-CEB1-47C4-A013-7DCB94223366}" ExpressionAsString="model.'Section header'.'Header year'">
                  <Expression>
                    <ERExpressionStringItemValue ItemPath="model/Section header/Header year" />
                  </Expression>
                </ERFormatComponentPropertyBinding>
                <ERFormatComponentPropertyBinding Component="{D3805404-40F7-4DC5-BB51-A15A3C1B2CA0}" ExpressionAsString="model.'Section header'.'Header month'">
                  <Expression>
                    <ERExpressionStringItemValue ItemPath="model/Section header/Header month" />
                  </Expression>
                </ERFormatComponentPropertyBinding>
                <ERFormatComponentPropertyBinding Component="{BB8A698A-9612-4CE8-885E-75436EC54FCA}" ExpressionAsString="model.'Section header'.'Header name'">
                  <Expression>
                    <ERExpressionStringItemValue ItemPath="model/Section header/Header name" />
                  </Expression>
                </ERFormatComponentPropertyBinding>
                <ERFormatComponentPropertyBinding Component="{3094FA8B-5374-430E-8331-EC868F5CF858}" ExpressionAsString="model.'Section header'.'Header tax number'">
                  <Expression>
                    <ERExpressionStringItemValue ItemPath="model/Section header/Header tax number" />
                  </Expression>
                </ERFormatComponentPropertyBinding>
                <ERFormatComponentPropertyBinding Component="{4600B34E-1B11-442C-835B-3978F4236F75}" ExpressionAsString="model.'Section lines A'">
                  <Expression>
                    <ERExpressionListItemValue ItemPath="model/Section lines A" />
                  </Expression>
                </ERFormatComponentPropertyBinding>
                <ERFormatComponentPropertyBinding Component="{BFC6F090-F1E7-4CC8-A925-33F317E9D68F}" ExpressionAsString="model.'Section lines B'">
                  <Expression>
                    <ERExpressionListItemValue ItemPath="model/Section lines B" />
                  </Expression>
                </ERFormatComponentPropertyBinding>
                <ERFormatComponentPropertyBinding Component="{6ACFB66C-5A83-4EAB-B163-F93E087BFA1E}" ExpressionAsString="model.'Section lines A'.'Line tax number'">
                  <Expression>
                    <ERExpressionStringItemValue ItemPath="model/Section lines A/Line tax number" />
                  </Expression>
                </ERFormatComponentPropertyBinding>
                <ERFormatComponentPropertyBinding Component="{0BE0295A-891F-48D0-AF6D-B011CAAC58C8}" ExpressionAsString="model.'Section lines B'.'Line year'">
                  <Expression>
                    <ERExpressionStringItemValue ItemPath="model/Section lines B/Line year" />
                  </Expression>
                </ERFormatComponentPropertyBinding>
                <ERFormatComponentPropertyBinding Component="{84BFDA56-AC28-43A8-BF6A-F7C9D82BFBC2}" ExpressionAsString="model.'Section lines B'.'Line month'">
                  <Expression>
                    <ERExpressionStringItemValue ItemPath="model/Section lines B/Line month" />
                  </Expression>
                </ERFormatComponentPropertyBinding>
                <ERFormatComponentPropertyBinding Component="{000FEBC4-90A3-46E7-8127-E1EBE9868569}" ExpressionAsString="model.'Section lines B'.'Line tax number'">
                  <Expression>
                    <ERExpressionStringItemValue ItemPath="model/Section lines B/Line tax number" />
                  </Expression>
                </ERFormatComponentPropertyBinding>
                <ERFormatComponentPropertyBinding Component="{695BD491-DB9D-4A99-AE0C-EA98DDA70468}" ExpressionAsString="model.'Section lines A'.'Line amount'" SyntaxVersion="1">
                  <Expression>
                    <ERExpressionRealItemValue ItemPath="model/Section lines A/Line amount" />
                  </Expression>
                </ERFormatComponentPropertyBinding>
                <ERFormatComponentPropertyBinding Component="{01C505A8-F7D0-41E3-A0D7-01C4F7595F54}" ExpressionAsString="model.'Section lines A sum'.aggregated.'Line amount'" SyntaxVersion="1">
                  <Expression>
                    <ERExpressionRealItemValue ItemPath="model/Section lines A sum/aggregated/Line amount" />
                  </Expression>
                </ERFormatComponentPropertyBinding>
                <ERFormatComponentPropertyBinding Component="{330C7F9E-DA2E-4AA8-80B0-DACD88B0F20E}" ExpressionAsString="model.'Section lines B'.'Line amount'" SyntaxVersion="1">
                  <Expression>
                    <ERExpressionRealItemValue ItemPath="model/Section lines B/Line amount" />
                  </Expression>
                </ERFormatComponentPropertyBinding>
              </Contents.>
            </ERFormatBinding>
          </Binding>
          <Datasource>
            <ERModelDefinition>
              <PathsToCache>
                <ERPathsToCache />
              </PathsToCache>
              <Contents.>
                <ERModelItemDefinition>
                  <ValueDefinition>
                    <ERModelItemValueDefinition Name="model">
                      <ValueSource>
                        <ERModelDataSourceHandler DataContainerDescriptorName="PDO" ModelGUID="{8DA29A91-48CF-452D-9BC6-10D9303CFCA0}" RevisionNumber="4" />
                      </ValueSource>
                    </ERModelItemValueDefinition>
                  </ValueDefinition>
                </ERModelItemDefinition>
                <ERModelItemDefinition ParentPath="model">
                  <ValueDefinition>
                    <ERModelItemValueDefinition Name="Section lines A">
                      <ValueSource>
                        <ERModelExpressionItem ExpressionAsString="WHERE(model.'Section lines', model.'Section lines'.'Line type' = &quot;A&quot;)" SyntaxVersion="1">
                          <Expression>
                            <ERExpressionListWhere>
                              <Condition>
                                <ERExpressionStringEquals>
                                  <FirstExpression>
                                    <ERExpressionStringItemValue ItemPath="model/Section lines/Line type" />
                                  </FirstExpression>
                                  <SecondExpression>
                                    <ERExpressionStringConstant Value="A" />
                                  </SecondExpression>
                                </ERExpressionStringEquals>
                              </Condition>
                              <List>
                                <ERExpressionListItemValue ItemPath="model/Section lines" />
                              </List>
                            </ERExpressionListWhere>
                          </Expression>
                        </ERModelExpressionItem>
                      </ValueSource>
                    </ERModelItemValueDefinition>
                  </ValueDefinition>
                </ERModelItemDefinition>
                <ERModelItemDefinition ParentPath="model">
                  <ValueDefinition>
                    <ERModelItemValueDefinition Name="Section lines B">
                      <ValueSource>
                        <ERModelExpressionItem ExpressionAsString="WHERE(model.'Section lines', model.'Section lines'.'Line type' = &quot;B&quot;)" SyntaxVersion="1">
                          <Expression>
                            <ERExpressionListWhere>
                              <Condition>
                                <ERExpressionStringEquals>
                                  <FirstExpression>
                                    <ERExpressionStringItemValue ItemPath="model/Section lines/Line type" />
                                  </FirstExpression>
                                  <SecondExpression>
                                    <ERExpressionStringConstant Value="B" />
                                  </SecondExpression>
                                </ERExpressionStringEquals>
                              </Condition>
                              <List>
                                <ERExpressionListItemValue ItemPath="model/Section lines" />
                              </List>
                            </ERExpressionListWhere>
                          </Expression>
                        </ERModelExpressionItem>
                      </ValueSource>
                    </ERModelItemValueDefinition>
                  </ValueDefinition>
                </ERModelItemDefinition>
                <ERModelItemDefinition ParentPath="model">
                  <ValueDefinition>
                    <ERModelItemValueDefinition Name="Section lines sum">
                      <ValueSource>
                        <ERModelGroupByFunction ListToGroup="model/Section lines">
                          <Aggregations>
                            <ERModelGroupByAggregations>
                              <Contents.>
                                <ERModelGroupByAggregation FieldPath="model/Section lines/Line amount" SelectionField="1" />
                              </Contents.>
                            </ERModelGroupByAggregations>
                          </Aggregations>
                          <GroupedFields>
                            <ERModelGroupByFieldReferences>
                              <Contents.>
                                <ERModelGroupByFieldReference FieldPath="model/Section lines/Line type" />
                              </Contents.>
                            </ERModelGroupByFieldReferences>
                          </GroupedFields>
                        </ERModelGroupByFunction>
                      </ValueSource>
                    </ERModelItemValueDefinition>
                  </ValueDefinition>
                </ERModelItemDefinition>
                <ERModelItemDefinition ParentPath="model">
                  <ValueDefinition>
                    <ERModelItemValueDefinition Name="Section lines A sum">
                      <ValueSource>
                        <ERModelExpressionItem ExpressionAsString="FIRSTORNULL(WHERE(model.'Section lines sum', model.'Section lines sum'.lines.'Line type' = &quot;A&quot;))" SyntaxVersion="1">
                          <Expression>
                            <ERExpressionListFirstOrNull>
                              <List>
                                <ERExpressionListWhere>
                                  <Condition>
                                    <ERExpressionStringEquals>
                                      <FirstExpression>
                                        <ERExpressionStringItemValue ItemPath="model/Section lines sum/lines/Line type" />
                                      </FirstExpression>
                                      <SecondExpression>
                                        <ERExpressionStringConstant Value="A" />
                                      </SecondExpression>
                                    </ERExpressionStringEquals>
                                  </Condition>
                                  <List>
                                    <ERExpressionListItemValue ItemPath="model/Section lines sum" />
                                  </List>
                                </ERExpressionListWhere>
                              </List>
                            </ERExpressionListFirstOrNull>
                          </Expression>
                        </ERModelExpressionItem>
                      </ValueSource>
                    </ERModelItemValueDefinition>
                  </ValueDefinition>
                </ERModelItemDefinition>
              </Contents.>
            </ERModelDefinition>
          </Datasource>
        </ERFormatMapping>
      </Mapping>
    </ERFormatMappingVersion>
  </Contents.>
</ERSolutionVersion>