﻿<?xml version="1.0" encoding="utf-8"?>
<ERSolutionVersion DateTime="2017-08-22T09:04:39" Number="8" PublicVersionNumber="8" VersionStatus="1">
  <Solution>
    <ERSolution ID.="{E4EE37DD-A3EB-4EB5-B791-AC576EAFD059}" Description="KRD/KIPO model" Name="KRD/KIPO">
      <Vendor>
        <ERVendor Name="Adacta" Url="http://www.adacta-group.com" />
      </Vendor>
      <Contents.>
        <Ref. ID.="{127E8DE0-4468-4F96-AEFD-7B5F9B8FEDF0}" />
        <Ref. ID.="{0E178D8A-7B08-47EE-8C55-0D1E248E82A2}" />
      </Contents.>
    </ERSolution>
  </Solution>
  <Contents.>
    <ERDataModelVersion ID.="{127E8DE0-4468-4F96-AEFD-7B5F9B8FEDF0},7" DateTime="2017-08-22T09:04:39" Number="7">
      <Model>
        <ERDataModel ID.="{127E8DE0-4468-4F96-AEFD-7B5F9B8FEDF0}" Description="KRD/KIPO model" Name="KRD/KIPO" Root="KRD/KIPO">
          <Contents.>
            <ERDataContainerDescriptor ID.="KRD/KIPO" IsRoot="1" Name="KRD/KIPO">
              <Contents.>
                <ERDataContainerDescriptorItem Name="ReportHeader" Type="11" TypeDescriptor="Company_1" />
                <ERDataContainerDescriptorItem IsTypeDescriptorHost="1" Name="ReportSum" Type="11" TypeDescriptor="SkvReportsSum_SI_1" />
              </Contents.>
            </ERDataContainerDescriptor>
            <ERDataContainerDescriptor ID.="SkvReportsSum_SI_1" Name="SkvReportsSum_SI_1">
              <Contents.>
                <ERDataContainerDescriptorItem Name="AmountNet" Type="5" />
                <ERDataContainerDescriptorItem Name="AmountNetDecrease" Type="5" />
                <ERDataContainerDescriptorItem Name="AmountNetIncrease" Type="5" />
                <ERDataContainerDescriptorItem Name="AmountOpenOver1Year" Type="5" />
                <ERDataContainerDescriptorItem Name="AmountOther" Type="5" />
                <ERDataContainerDescriptorItem Name="AmountPastDue" Type="5" />
                <ERDataContainerDescriptorItem Name="AmountShortTerm" Type="5" />
                <ERDataContainerDescriptorItem Name="AmountStart" Type="5" />
                <ERDataContainerDescriptorItem Name="AmountTotal" Type="5" />
                <ERDataContainerDescriptorItem Name="CurrencyCode" Type="6" />
                <ERDataContainerDescriptorItem Name="GroupCode" Type="6" />
                <ERDataContainerDescriptorItem Name="InstrumentType" Type="6" />
                <ERDataContainerDescriptorItem Name="InterestAmountNet" Type="5" />
                <ERDataContainerDescriptorItem Name="InterestAmountNetDecrease" Type="5" />
                <ERDataContainerDescriptorItem Name="InterestAmountNetIncrease" Type="5" />
                <ERDataContainerDescriptorItem Name="InterestAmountOther" Type="5" />
                <ERDataContainerDescriptorItem Name="InterestAmountPastDue" Type="5" />
                <ERDataContainerDescriptorItem Name="InterestAmountShortTerm" Type="5" />
                <ERDataContainerDescriptorItem Name="InterestAmountStart" Type="5" />
                <ERDataContainerDescriptorItem Name="InterestAmountTotal" Type="5" />
                <ERDataContainerDescriptorItem Name="ISINCode" Type="6" />
                <ERDataContainerDescriptorItem Name="ISOCountryCodeNum" Type="4" />
                <ERDataContainerDescriptorItem Name="ISOCurrencyCodeNum" Type="4" />
                <ERDataContainerDescriptorItem Name="Maturity" Type="9" TypeDescriptor="FIMaturity" />
                <ERDataContainerDescriptorItem Name="SectorCode" Type="6" />
              </Contents.>
            </ERDataContainerDescriptor>
            <ERDataContainerDescriptor ID.="Company_1" Name="Company_1">
              <Contents.>
                <ERDataContainerDescriptorItem Label="Comment" Name="Comment" Type="6" />
                <ERDataContainerDescriptorItem Label="Company address" Name="CompanyAddress" Type="6" />
                <ERDataContainerDescriptorItem Label="Company city" Name="CompanyCity" Type="6" />
                <ERDataContainerDescriptorItem Label="Company name" Name="CompanyName" Type="6" />
                <ERDataContainerDescriptorItem Label="Company street" Name="CompanyStreet" Type="6" />
                <ERDataContainerDescriptorItem Label="Company street number" Name="CompanyStreetNumber" Type="6" />
                <ERDataContainerDescriptorItem Label="Company zip code" Name="CompanyZipCode" Type="6" />
                <ERDataContainerDescriptorItem Label="E-mail" Name="Email" Type="6" />
                <ERDataContainerDescriptorItem Label="Identification number MK" Name="IdentificationNumber_MK" Type="6" />
                <ERDataContainerDescriptorItem Label="Identification number SI" Name="IdentificationNumber_SI" Type="6" />
                <ERDataContainerDescriptorItem Name="MessageId" Type="6" />
                <ERDataContainerDescriptorItem Label="Month" Name="Month" Type="6" />
                <ERDataContainerDescriptorItem Label="Phone number" Name="Phone" Type="6" />
                <ERDataContainerDescriptorItem Label="Reporting date" Name="ReportDate" Type="7" />
                <ERDataContainerDescriptorItem Label="Reporter name" Name="ReporterName" Type="6" />
                <ERDataContainerDescriptorItem Label="Report maker" Name="ReportingPerson" Type="10" TypeDescriptor="PersonalData" />
                <ERDataContainerDescriptorItem Label="Responsible person" Name="ResponsiblePerson" Type="10" TypeDescriptor="PersonalData" />
                <ERDataContainerDescriptorItem Label="Tax identification SI" Name="TaxIdentification_SI" Type="6" />
                <ERDataContainerDescriptorItem Label="Year" Name="Year" Type="6" />
              </Contents.>
            </ERDataContainerDescriptor>
            <ERDataContainerDescriptor ID.="PersonalData" IsRoot="1" Label="Personal data" Name="PersonalData">
              <Contents.>
                <ERDataContainerDescriptorItem Name="Email" Type="6" />
                <ERDataContainerDescriptorItem Name="Name" Type="6" />
                <ERDataContainerDescriptorItem Name="Phone" Type="6" />
                <ERDataContainerDescriptorItem Name="Position" Type="6" />
              </Contents.>
            </ERDataContainerDescriptor>
            <ERDataContainerDescriptor ID.="FIMaturity" IsEnum="1" IsRoot="1" Name="FIMaturity">
              <Contents.>
                <ERDataContainerDescriptorItem Label="@AIM3102" Name="LongTerm" Type="9" />
                <ERDataContainerDescriptorItem Label="@AIM3101" Name="ShortTerm" Type="9" />
              </Contents.>
            </ERDataContainerDescriptor>
          </Contents.>
        </ERDataModel>
      </Model>
    </ERDataModelVersion>
    <ERModelMappingVersion ID.="{0E178D8A-7B08-47EE-8C55-0D1E248E82A2},7" DateTime="2017-08-22T09:04:39" Number="7">
      <Mapping>
        <ERModelMapping ID.="{0E178D8A-7B08-47EE-8C55-0D1E248E82A2}" DataContainerDescriptor="KRD/KIPO" Description="Base KRD/KIPO mapping" Model="{127E8DE0-4468-4F96-AEFD-7B5F9B8FEDF0}" ModelName="KRD/KIPO" ModelVersion="{127E8DE0-4468-4F96-AEFD-7B5F9B8FEDF0},7" Name="KRD/KIPO">
          <Binding>
            <ERDataContainerBinding>
              <Contents.>
                <ERDataContainerPathBinding ExpressionAsString="SkvReports_SI.'&lt;Relations'.SkvReportsSum_SI" Path="ReportSum">
                  <Expression>
                    <ERExpressionListItemValue ItemPath="SkvReports_SI/&lt;Relations/SkvReportsSum_SI" />
                  </Expression>
                </ERDataContainerPathBinding>
                <ERDataContainerPathBinding ExpressionAsString="SkvReports_SI.'&lt;Relations'.SkvReportsSum_SI.AmountNet" Path="ReportSum/AmountNet">
                  <Expression>
                    <ERExpressionRealItemValue ItemPath="SkvReports_SI/&lt;Relations/SkvReportsSum_SI/AmountNet" />
                  </Expression>
                </ERDataContainerPathBinding>
                <ERDataContainerPathBinding ExpressionAsString="SkvReports_SI.'&lt;Relations'.SkvReportsSum_SI.AmountNetDecrease" Path="ReportSum/AmountNetDecrease">
                  <Expression>
                    <ERExpressionRealItemValue ItemPath="SkvReports_SI/&lt;Relations/SkvReportsSum_SI/AmountNetDecrease" />
                  </Expression>
                </ERDataContainerPathBinding>
                <ERDataContainerPathBinding ExpressionAsString="SkvReports_SI.'&lt;Relations'.SkvReportsSum_SI.AmountNetIncrease" Path="ReportSum/AmountNetIncrease">
                  <Expression>
                    <ERExpressionRealItemValue ItemPath="SkvReports_SI/&lt;Relations/SkvReportsSum_SI/AmountNetIncrease" />
                  </Expression>
                </ERDataContainerPathBinding>
                <ERDataContainerPathBinding ExpressionAsString="SkvReports_SI.'&lt;Relations'.SkvReportsSum_SI.AmountOpenOver1Year" Path="ReportSum/AmountOpenOver1Year">
                  <Expression>
                    <ERExpressionRealItemValue ItemPath="SkvReports_SI/&lt;Relations/SkvReportsSum_SI/AmountOpenOver1Year" />
                  </Expression>
                </ERDataContainerPathBinding>
                <ERDataContainerPathBinding ExpressionAsString="SkvReports_SI.'&lt;Relations'.SkvReportsSum_SI.AmountOther" Path="ReportSum/AmountOther">
                  <Expression>
                    <ERExpressionRealItemValue ItemPath="SkvReports_SI/&lt;Relations/SkvReportsSum_SI/AmountOther" />
                  </Expression>
                </ERDataContainerPathBinding>
                <ERDataContainerPathBinding ExpressionAsString="SkvReports_SI.'&lt;Relations'.SkvReportsSum_SI.AmountStart" Path="ReportSum/AmountStart">
                  <Expression>
                    <ERExpressionRealItemValue ItemPath="SkvReports_SI/&lt;Relations/SkvReportsSum_SI/AmountStart" />
                  </Expression>
                </ERDataContainerPathBinding>
                <ERDataContainerPathBinding ExpressionAsString="SkvReports_SI.'&lt;Relations'.SkvReportsSum_SI.AmountTotal" Path="ReportSum/AmountTotal">
                  <Expression>
                    <ERExpressionRealItemValue ItemPath="SkvReports_SI/&lt;Relations/SkvReportsSum_SI/AmountTotal" />
                  </Expression>
                </ERDataContainerPathBinding>
                <ERDataContainerPathBinding ExpressionAsString="SkvReports_SI.'&lt;Relations'.SkvReportsSum_SI.ISOCountryCodeNum" Path="ReportSum/ISOCountryCodeNum">
                  <Expression>
                    <ERExpressionIntItemValue ItemPath="SkvReports_SI/&lt;Relations/SkvReportsSum_SI/ISOCountryCodeNum" />
                  </Expression>
                </ERDataContainerPathBinding>
                <ERDataContainerPathBinding ExpressionAsString="SkvReports_SI.'&lt;Relations'.SkvReportsSum_SI.ISOCurrencyCodeNum" Path="ReportSum/ISOCurrencyCodeNum">
                  <Expression>
                    <ERExpressionIntItemValue ItemPath="SkvReports_SI/&lt;Relations/SkvReportsSum_SI/ISOCurrencyCodeNum" />
                  </Expression>
                </ERDataContainerPathBinding>
                <ERDataContainerPathBinding ExpressionAsString="SkvReports_SI.'&lt;Relations'.SkvReportsSum_SI.SkvGroupCode" Path="ReportSum/GroupCode">
                  <Expression>
                    <ERExpressionStringItemValue ItemPath="SkvReports_SI/&lt;Relations/SkvReportsSum_SI/SkvGroupCode" />
                  </Expression>
                </ERDataContainerPathBinding>
                <ERDataContainerPathBinding ExpressionAsString="SkvReports_SI" Path="ReportHeader">
                  <Expression>
                    <ERExpressionListItemValue ItemPath="SkvReports_SI" />
                  </Expression>
                </ERDataContainerPathBinding>
                <ERDataContainerPathBinding ExpressionAsString="CompanyInfo.Name" Path="ReportHeader/CompanyName">
                  <Expression>
                    <ERExpressionStringItemValue ItemPath="CompanyInfo/Name" />
                  </Expression>
                </ERDataContainerPathBinding>
                <ERDataContainerPathBinding ExpressionAsString="CompanyInfo.'primaryAddress()'" Path="ReportHeader/CompanyAddress">
                  <Expression>
                    <ERExpressionStringItemValue ItemPath="CompanyInfo/primaryAddress()" />
                  </Expression>
                </ERDataContainerPathBinding>
                <ERDataContainerPathBinding ExpressionAsString="CompanyInfo.'email()'" Path="ReportHeader/Email" SyntaxVersion="1">
                  <Expression>
                    <ERExpressionStringItemValue ItemPath="CompanyInfo/email()" />
                  </Expression>
                </ERDataContainerPathBinding>
                <ERDataContainerPathBinding ExpressionAsString="CompanyInfo.'phone()'" Path="ReportHeader/Phone" SyntaxVersion="1">
                  <Expression>
                    <ERExpressionStringItemValue ItemPath="CompanyInfo/phone()" />
                  </Expression>
                </ERDataContainerPathBinding>
                <ERDataContainerPathBinding ExpressionAsString="SkvReports_SI.ReportDate" Path="ReportHeader/ReportDate">
                  <Expression>
                    <ERExpressionDateItemValue ItemPath="SkvReports_SI/ReportDate" />
                  </Expression>
                </ERDataContainerPathBinding>
                <ERDataContainerPathBinding ExpressionAsString="SkvReports_SI.CompanyName" Path="ReportHeader/ReporterName">
                  <Expression>
                    <ERExpressionStringItemValue ItemPath="SkvReports_SI/CompanyName" />
                  </Expression>
                </ERDataContainerPathBinding>
                <ERDataContainerPathBinding ExpressionAsString="CompanyInfo.MaticnaStevilka_SI" Path="ReportHeader/IdentificationNumber_SI">
                  <Expression>
                    <ERExpressionStringItemValue ItemPath="CompanyInfo/MaticnaStevilka_SI" />
                  </Expression>
                </ERDataContainerPathBinding>
                <ERDataContainerPathBinding ExpressionAsString="CompanyInfo.IdentificationNumber_MK" Path="ReportHeader/IdentificationNumber_MK">
                  <Expression>
                    <ERExpressionStringItemValue ItemPath="CompanyInfo/IdentificationNumber_MK" />
                  </Expression>
                </ERDataContainerPathBinding>
                <ERDataContainerPathBinding ExpressionAsString="SkvReports_SI.Comment" Path="ReportHeader/Comment">
                  <Expression>
                    <ERExpressionStringItemValue ItemPath="SkvReports_SI/Comment" />
                  </Expression>
                </ERDataContainerPathBinding>
                <ERDataContainerPathBinding ExpressionAsString="CompanyInfo.'postalAddress()'.City" Path="ReportHeader/CompanyCity">
                  <Expression>
                    <ERExpressionStringItemValue ItemPath="CompanyInfo/postalAddress()/City" />
                  </Expression>
                </ERDataContainerPathBinding>
                <ERDataContainerPathBinding ExpressionAsString="CompanyInfo.'postalAddress()'.StreetNumber" Path="ReportHeader/CompanyStreetNumber">
                  <Expression>
                    <ERExpressionStringItemValue ItemPath="CompanyInfo/postalAddress()/StreetNumber" />
                  </Expression>
                </ERDataContainerPathBinding>
                <ERDataContainerPathBinding ExpressionAsString="CompanyInfo.'postalAddress()'.Street" Path="ReportHeader/CompanyStreet">
                  <Expression>
                    <ERExpressionStringItemValue ItemPath="CompanyInfo/postalAddress()/Street" />
                  </Expression>
                </ERDataContainerPathBinding>
                <ERDataContainerPathBinding ExpressionAsString="CompanyInfo.'postalAddress()'.ZipCode" Path="ReportHeader/CompanyZipCode">
                  <Expression>
                    <ERExpressionStringItemValue ItemPath="CompanyInfo/postalAddress()/ZipCode" />
                  </Expression>
                </ERDataContainerPathBinding>
                <ERDataContainerPathBinding ExpressionAsString="CompanyInfo.TaxIdentification_SI" Path="ReportHeader/TaxIdentification_SI">
                  <Expression>
                    <ERExpressionStringItemValue ItemPath="CompanyInfo/TaxIdentification_SI" />
                  </Expression>
                </ERDataContainerPathBinding>
                <ERDataContainerPathBinding ExpressionAsString="SkvReports_SI.ReportEMail" Path="ReportHeader/ReportingPerson/Email">
                  <Expression>
                    <ERExpressionStringItemValue ItemPath="SkvReports_SI/ReportEMail" />
                  </Expression>
                </ERDataContainerPathBinding>
                <ERDataContainerPathBinding ExpressionAsString="SkvReports_SI.RespPersonEMail" Path="ReportHeader/ResponsiblePerson/Email">
                  <Expression>
                    <ERExpressionStringItemValue ItemPath="SkvReports_SI/RespPersonEMail" />
                  </Expression>
                </ERDataContainerPathBinding>
                <ERDataContainerPathBinding ExpressionAsString="SkvReports_SI.ReportTelNum" Path="ReportHeader/ReportingPerson/Phone">
                  <Expression>
                    <ERExpressionStringItemValue ItemPath="SkvReports_SI/ReportTelNum" />
                  </Expression>
                </ERDataContainerPathBinding>
                <ERDataContainerPathBinding ExpressionAsString="SkvReports_SI.RespPersonTelNum" Path="ReportHeader/ResponsiblePerson/Phone">
                  <Expression>
                    <ERExpressionStringItemValue ItemPath="SkvReports_SI/RespPersonTelNum" />
                  </Expression>
                </ERDataContainerPathBinding>
                <ERDataContainerPathBinding ExpressionAsString="SkvReports_SI.'&gt;Relations'.ReportHcmWorker.'name()'" Path="ReportHeader/ReportingPerson/Name" SyntaxVersion="1">
                  <Expression>
                    <ERExpressionStringItemValue ItemPath="SkvReports_SI/&gt;Relations/ReportHcmWorker/name()" />
                  </Expression>
                </ERDataContainerPathBinding>
                <ERDataContainerPathBinding ExpressionAsString="SkvReports_SI.'&gt;Relations'.RespHcmWorker.'name()'" Path="ReportHeader/ResponsiblePerson/Name">
                  <Expression>
                    <ERExpressionStringItemValue ItemPath="SkvReports_SI/&gt;Relations/RespHcmWorker/name()" />
                  </Expression>
                </ERDataContainerPathBinding>
                <ERDataContainerPathBinding ExpressionAsString="DATEFORMAT(SkvReports_SI.PeriodFrom, &quot;MM&quot;)" Path="ReportHeader/Month" SyntaxVersion="1">
                  <Expression>
                    <ERExpressionDateFormat>
                      <Date>
                        <ERExpressionDateItemValue ItemPath="SkvReports_SI/PeriodFrom" />
                      </Date>
                      <Format>
                        <ERExpressionStringConstant Value="MM" />
                      </Format>
                    </ERExpressionDateFormat>
                  </Expression>
                </ERDataContainerPathBinding>
                <ERDataContainerPathBinding ExpressionAsString="DATEFORMAT(SkvReports_SI.PeriodFrom, &quot;yyyy&quot;)" Path="ReportHeader/Year" SyntaxVersion="1">
                  <Expression>
                    <ERExpressionDateFormat>
                      <Date>
                        <ERExpressionDateItemValue ItemPath="SkvReports_SI/PeriodFrom" />
                      </Date>
                      <Format>
                        <ERExpressionStringConstant Value="yyyy" />
                      </Format>
                    </ERExpressionDateFormat>
                  </Expression>
                </ERDataContainerPathBinding>
                <ERDataContainerPathBinding ExpressionAsString="SkvReports_SI.'&lt;Relations'.SkvReportsSum_SI.CurrencyCode" Path="ReportSum/CurrencyCode">
                  <Expression>
                    <ERExpressionStringItemValue ItemPath="SkvReports_SI/&lt;Relations/SkvReportsSum_SI/CurrencyCode" />
                  </Expression>
                </ERDataContainerPathBinding>
                <ERDataContainerPathBinding ExpressionAsString="SkvReports_SI.'&lt;Relations'.SkvReportsSum_SI.KRDSectorCodeId" Path="ReportSum/SectorCode">
                  <Expression>
                    <ERExpressionStringItemValue ItemPath="SkvReports_SI/&lt;Relations/SkvReportsSum_SI/KRDSectorCodeId" />
                  </Expression>
                </ERDataContainerPathBinding>
                <ERDataContainerPathBinding ExpressionAsString="TEXT(SkvReports_SI.RecId)" Path="ReportHeader/MessageId" SyntaxVersion="1">
                  <Expression>
                    <ERExpressionStringToString>
                      <Input>
                        <ERExpressionInt64ItemValue ItemPath="SkvReports_SI/RecId" />
                      </Input>
                    </ERExpressionStringToString>
                  </Expression>
                </ERDataContainerPathBinding>
                <ERDataContainerPathBinding ExpressionAsString="SkvReports_SI.'&lt;Relations'.SkvReportsSum_SI.AmountPastDue" Path="ReportSum/AmountPastDue">
                  <Expression>
                    <ERExpressionRealItemValue ItemPath="SkvReports_SI/&lt;Relations/SkvReportsSum_SI/AmountPastDue" />
                  </Expression>
                </ERDataContainerPathBinding>
                <ERDataContainerPathBinding ExpressionAsString="SkvReports_SI.'&lt;Relations'.SkvReportsSum_SI.AmountShortTerm" Path="ReportSum/AmountShortTerm">
                  <Expression>
                    <ERExpressionRealItemValue ItemPath="SkvReports_SI/&lt;Relations/SkvReportsSum_SI/AmountShortTerm" />
                  </Expression>
                </ERDataContainerPathBinding>
                <ERDataContainerPathBinding ExpressionAsString="SkvReports_SI.'&lt;Relations'.SkvReportsSum_SI.InterestAmountNet" Path="ReportSum/InterestAmountNet">
                  <Expression>
                    <ERExpressionRealItemValue ItemPath="SkvReports_SI/&lt;Relations/SkvReportsSum_SI/InterestAmountNet" />
                  </Expression>
                </ERDataContainerPathBinding>
                <ERDataContainerPathBinding ExpressionAsString="SkvReports_SI.'&lt;Relations'.SkvReportsSum_SI.InterestAmountNetDecrease" Path="ReportSum/InterestAmountNetDecrease">
                  <Expression>
                    <ERExpressionRealItemValue ItemPath="SkvReports_SI/&lt;Relations/SkvReportsSum_SI/InterestAmountNetDecrease" />
                  </Expression>
                </ERDataContainerPathBinding>
                <ERDataContainerPathBinding ExpressionAsString="SkvReports_SI.'&lt;Relations'.SkvReportsSum_SI.InterestAmountNetIncrease" Path="ReportSum/InterestAmountNetIncrease">
                  <Expression>
                    <ERExpressionRealItemValue ItemPath="SkvReports_SI/&lt;Relations/SkvReportsSum_SI/InterestAmountNetIncrease" />
                  </Expression>
                </ERDataContainerPathBinding>
                <ERDataContainerPathBinding ExpressionAsString="SkvReports_SI.'&lt;Relations'.SkvReportsSum_SI.InterestAmountOther" Path="ReportSum/InterestAmountOther">
                  <Expression>
                    <ERExpressionRealItemValue ItemPath="SkvReports_SI/&lt;Relations/SkvReportsSum_SI/InterestAmountOther" />
                  </Expression>
                </ERDataContainerPathBinding>
                <ERDataContainerPathBinding ExpressionAsString="SkvReports_SI.'&lt;Relations'.SkvReportsSum_SI.InterestAmountPastDue" Path="ReportSum/InterestAmountPastDue">
                  <Expression>
                    <ERExpressionRealItemValue ItemPath="SkvReports_SI/&lt;Relations/SkvReportsSum_SI/InterestAmountPastDue" />
                  </Expression>
                </ERDataContainerPathBinding>
                <ERDataContainerPathBinding ExpressionAsString="SkvReports_SI.'&lt;Relations'.SkvReportsSum_SI.InterestAmountShortTerm" Path="ReportSum/InterestAmountShortTerm">
                  <Expression>
                    <ERExpressionRealItemValue ItemPath="SkvReports_SI/&lt;Relations/SkvReportsSum_SI/InterestAmountShortTerm" />
                  </Expression>
                </ERDataContainerPathBinding>
                <ERDataContainerPathBinding ExpressionAsString="SkvReports_SI.'&lt;Relations'.SkvReportsSum_SI.InterestAmountStart" Path="ReportSum/InterestAmountStart">
                  <Expression>
                    <ERExpressionRealItemValue ItemPath="SkvReports_SI/&lt;Relations/SkvReportsSum_SI/InterestAmountStart" />
                  </Expression>
                </ERDataContainerPathBinding>
                <ERDataContainerPathBinding ExpressionAsString="SkvReports_SI.'&lt;Relations'.SkvReportsSum_SI.InterestAmountTotal" Path="ReportSum/InterestAmountTotal">
                  <Expression>
                    <ERExpressionRealItemValue ItemPath="SkvReports_SI/&lt;Relations/SkvReportsSum_SI/InterestAmountTotal" />
                  </Expression>
                </ERDataContainerPathBinding>
                <ERDataContainerPathBinding ExpressionAsString="SkvReports_SI.'&lt;Relations'.SkvReportsSum_SI.ISINCode" Path="ReportSum/ISINCode">
                  <Expression>
                    <ERExpressionStringItemValue ItemPath="SkvReports_SI/&lt;Relations/SkvReportsSum_SI/ISINCode" />
                  </Expression>
                </ERDataContainerPathBinding>
                <ERDataContainerPathBinding ExpressionAsString="SkvReports_SI.'&lt;Relations'.SkvReportsSum_SI.KRDFinancialInstrumentId" Path="ReportSum/InstrumentType">
                  <Expression>
                    <ERExpressionStringItemValue ItemPath="SkvReports_SI/&lt;Relations/SkvReportsSum_SI/KRDFinancialInstrumentId" />
                  </Expression>
                </ERDataContainerPathBinding>
                <ERDataContainerPathBinding ExpressionAsString="CASE(&#xA;    SkvReports_SI.'&lt;Relations'.SkvReportsSum_SI.FIMaturity,&#xA;    KRDFIMaturity_SI.ShortTerm, FIMaturity.ShortTerm,&#xA;    KRDFIMaturity_SI.LongTerm, FIMaturity.LongTerm,&#xA;    FIMaturity.ShortTerm&#xA;)" Path="ReportSum/Maturity" SyntaxVersion="1">
                  <Expression>
                    <ERExpressionGenericCase>
                      <Contents.>
                        <ERExpressionEnumItemValue ItemPath="SkvReports_SI/&lt;Relations/SkvReportsSum_SI/FIMaturity" />
                        <ERExpressionEnumItemValue ItemPath="KRDFIMaturity_SI/ShortTerm" />
                        <ERExpressionEnumItemValue ItemPath="FIMaturity/ShortTerm" />
                        <ERExpressionEnumItemValue ItemPath="KRDFIMaturity_SI/LongTerm" />
                        <ERExpressionEnumItemValue ItemPath="FIMaturity/LongTerm" />
                        <ERExpressionEnumItemValue ItemPath="FIMaturity/ShortTerm" />
                      </Contents.>
                    </ERExpressionGenericCase>
                  </Expression>
                </ERDataContainerPathBinding>
              </Contents.>
            </ERDataContainerBinding>
          </Binding>
          <Datasource>
            <ERModelDefinition>
              <PathsToCache>
                <ERPathsToCache />
              </PathsToCache>
              <Contents.>
                <ERModelItemDefinition>
                  <ValueDefinition>
                    <ERModelItemValueDefinition Name="SkvReports_SI">
                      <ValueSource>
                        <ERTableDataSourceHandler AskForQuery="1" Table="SkvReports_SI" />
                      </ValueSource>
                    </ERModelItemValueDefinition>
                  </ValueDefinition>
                </ERModelItemDefinition>
                <ERModelItemDefinition>
                  <ValueDefinition>
                    <ERModelItemValueDefinition Name="CompanyInfo">
                      <ValueSource>
                        <ERTableDataSourceHandler AskForQuery="1" Table="CompanyInfo" />
                      </ValueSource>
                    </ERModelItemValueDefinition>
                  </ValueDefinition>
                </ERModelItemDefinition>
                <ERModelItemDefinition>
                  <ValueDefinition>
                    <ERModelItemValueDefinition Name="FIMaturity">
                      <ValueSource>
                        <ERModelEnumDataSourceHandler ModelEnumName="FIMaturity" ModelGUID="{127E8DE0-4468-4F96-AEFD-7B5F9B8FEDF0}" />
                      </ValueSource>
                    </ERModelItemValueDefinition>
                  </ValueDefinition>
                </ERModelItemDefinition>
                <ERModelItemDefinition>
                  <ValueDefinition>
                    <ERModelItemValueDefinition Name="KRDFIMaturity_SI">
                      <ValueSource>
                        <EREnumDataSourceHandler EnumName="KRDFIMaturity_SI" />
                      </ValueSource>
                    </ERModelItemValueDefinition>
                  </ValueDefinition>
                </ERModelItemDefinition>
              </Contents.>
            </ERModelDefinition>
          </Datasource>
          <Validations>
            <ERDataContainerBinding />
          </Validations>
        </ERModelMapping>
      </Mapping>
    </ERModelMappingVersion>
  </Contents.>
</ERSolutionVersion>