﻿<?xml version="1.0" encoding="utf-8"?>
<ERSolutionVersion DateTime="2017-08-22T12:04:02" Number="12" PublicVersionNumber="8.12" VersionStatus="1">
  <Solution>
    <ERSolution ID.="{E4FE8889-3EAA-4273-AA91-84A4886C7D33}" Base="{E4EE37DD-A3EB-4EB5-B791-AC576EAFD059},8" Name="KRD report">
      <Labels>
        <ERClassList>
          <Contents.>
            <ERLabel LabelId="OtherChangesValidation" LabelValue="Field 'Note' must be specified, if amounts are reported in other changes field." LanguageId="en-us" />
            <ERLabel LabelId="OtherChangesValidation" LabelValue="Polje 'Opomba' mora biti specificirano, če so zneski poročani v polju ostale spremembe." LanguageId="sl" />
          </Contents.>
        </ERClassList>
      </Labels>
      <Vendor>
        <ERVendor Name="Adacta" Url="http://www.adacta-group.com" />
      </Vendor>
      <Contents.>
        <Ref. ID.="{B4238AE8-FF97-40C9-8F5F-9466A71D5DE8}" />
        <Ref. ID.="{A65E47D3-D12F-4319-8352-909AF2FEA49F}" />
      </Contents.>
    </ERSolution>
  </Solution>
  <Contents.>
    <ERFormatVersion ID.="{B4238AE8-FF97-40C9-8F5F-9466A71D5DE8},5" DateTime="2017-08-22T10:19:34" Number="5">
      <Format>
        <ERTextFormat ID.="{B4238AE8-FF97-40C9-8F5F-9466A71D5DE8}" Name="KRD report" Type="ERComponentFormatTypeAttributeXML">
          <EnumList>
            <EREnumDefinitionList />
          </EnumList>
          <Root>
            <ERTextFormatFileComponent ID.="{9C01EBB7-0CB4-41C5-B3CB-060DAAFD14C2}" Encoding="utf-8">
              <ExtensionParameters>
                <ERFileExtensionParameters />
              </ExtensionParameters>
              <FormattingParameters>
                <ERFormattingParameters />
              </FormattingParameters>
              <Contents.>
                <ERTextFormatXMLElement ID.="{E1469A50-1471-44B3-AFD0-6B9CF5A1545F}" Name="BS_Report">
                  <Contents.>
                    <ERTextFormatXMLAttribute ID.="{925FECDC-51F0-417B-9A05-18E917DA0F90}" Name="xmlns" Value="http://www.bsi.si/2014/07/BSReport" />
                    <ERTextFormatXMLElement ID.="{B940C0D6-B6AC-4DAE-B4BC-47DD73C4C506}" Name="Header">
                      <Contents.>
                        <ERTextFormatXMLElement ID.="{F1EF668B-3F22-4F90-9784-D4021832D556}" Name="SenderMessageId">
                          <Contents.>
                            <ERTextFormatString ID.="{60D4B1F4-D591-423E-AE3E-726DF7C27A60}" />
                          </Contents.>
                        </ERTextFormatXMLElement>
                        <ERTextFormatXMLElement ID.="{EB02D19E-E188-41EE-8C15-EEBFF0B63475}" Name="SendingDateTime">
                          <Contents.>
                            <ERTextFormatString ID.="{10671E6E-A16B-45DC-A90F-0E168FFF5DEF}" Transformation="{C98495F4-334B-4CE0-927C-739D155DD742}" />
                          </Contents.>
                        </ERTextFormatXMLElement>
                        <ERTextFormatXMLElement ID.="{517E0CA7-BB5A-498A-B8B6-E46972657AC7}" Name="SystemVersion">
                          <Contents.>
                            <ERTextFormatString ID.="{BC244717-FB01-4F62-9EE5-3818D032AA38}" />
                          </Contents.>
                        </ERTextFormatXMLElement>
                        <ERTextFormatXMLElement ID.="{4C7402B1-9BA2-42F3-8716-6228B85F2C47}" Name="ApplicationType">
                          <Contents.>
                            <ERTextFormatString ID.="{CA72A037-F29F-403F-BCFE-64F80E271AEC}" />
                          </Contents.>
                        </ERTextFormatXMLElement>
                        <ERTextFormatXMLElement ID.="{A96E3270-C67E-4036-8810-1389ACEF5A66}" Name="Sender">
                          <Contents.>
                            <ERTextFormatXMLElement ID.="{0DC5CC87-BF55-4B17-BB5D-8078C44D81F1}" Name="CodeAJPES">
                              <Contents.>
                                <ERTextFormatString ID.="{B7F288FD-B519-47AF-B2DD-204E2541A084}" />
                              </Contents.>
                            </ERTextFormatXMLElement>
                            <ERTextFormatXMLElement ID.="{26987545-6600-4AA8-938F-156363630901}" Name="TaxCode">
                              <Contents.>
                                <ERTextFormatString ID.="{8B20BC90-98E6-405C-BFEE-F6E31B675A9F}" />
                              </Contents.>
                            </ERTextFormatXMLElement>
                            <ERTextFormatXMLElement ID.="{E520AFE5-01FE-4BB3-BD9F-8CFCE531F0B8}" Name="CompanyName">
                              <Contents.>
                                <ERTextFormatString ID.="{DA2D92D7-926A-4F10-8F5C-E5D970B9D8BD}" />
                              </Contents.>
                            </ERTextFormatXMLElement>
                            <ERTextFormatXMLElement ID.="{F2B3E9F7-0D80-46BE-9AA7-622A5A249135}" Name="Street">
                              <Contents.>
                                <ERTextFormatString ID.="{3DC232D3-A757-4EF6-834A-D0076FAED987}" />
                              </Contents.>
                            </ERTextFormatXMLElement>
                            <ERTextFormatXMLElement ID.="{E787FB3B-5F6A-4B40-828D-1F2BE860B60C}" Name="HouseNo">
                              <Contents.>
                                <ERTextFormatString ID.="{A3833C09-9389-4355-B566-BEE6FF42E657}" />
                              </Contents.>
                            </ERTextFormatXMLElement>
                            <ERTextFormatXMLElement ID.="{F466AB3E-623D-4438-8603-ECD488CA24A8}" Name="PostCode">
                              <Contents.>
                                <ERTextFormatString ID.="{E8B5206F-765F-4740-AC6E-0EDD8C3167A7}" />
                              </Contents.>
                            </ERTextFormatXMLElement>
                            <ERTextFormatXMLElement ID.="{40101A15-317C-49BF-B480-6E787D274915}" Name="City">
                              <Contents.>
                                <ERTextFormatString ID.="{AD3A6570-0777-410B-A584-D7303133F48D}" />
                              </Contents.>
                            </ERTextFormatXMLElement>
                            <ERTextFormatXMLElement ID.="{D25FCAD4-66FA-40BE-8343-68B19400CAFC}" Name="Telephone">
                              <Contents.>
                                <ERTextFormatString ID.="{314C2C05-E3D2-4AF3-B5FC-8C9D7F0930E5}" />
                              </Contents.>
                            </ERTextFormatXMLElement>
                          </Contents.>
                        </ERTextFormatXMLElement>
                        <ERTextFormatXMLElement ID.="{A2B46F0B-A4B4-4159-999A-FBF615F0E191}" Name="Reporter">
                          <Contents.>
                            <ERTextFormatXMLElement ID.="{E5236ECB-C84D-4377-95E9-F5340CE08408}" Name="CodeAJPES">
                              <Contents.>
                                <ERTextFormatString ID.="{6B7C4296-9546-43B5-A9AD-03F52B46AA0F}" />
                              </Contents.>
                            </ERTextFormatXMLElement>
                            <ERTextFormatXMLElement ID.="{A4CC275C-F3A7-4FB2-9C77-704F3813161F}" Name="TaxCode">
                              <Contents.>
                                <ERTextFormatString ID.="{A7D7D64D-903B-4FCF-82A0-A2A2EF1EADBE}" />
                              </Contents.>
                            </ERTextFormatXMLElement>
                            <ERTextFormatXMLElement ID.="{748EBC01-BA80-4B7F-BB02-7B09361E3D11}" Name="CompanyName">
                              <Contents.>
                                <ERTextFormatString ID.="{80CF64FC-615D-4E74-B61F-87D60B7E8AD2}" />
                              </Contents.>
                            </ERTextFormatXMLElement>
                            <ERTextFormatXMLElement ID.="{437B0877-DB2C-493B-9BD4-5FF2F5B00FD6}" Name="Street">
                              <Contents.>
                                <ERTextFormatString ID.="{6E369BDD-9634-4E6B-8B50-593C83362447}" />
                              </Contents.>
                            </ERTextFormatXMLElement>
                            <ERTextFormatXMLElement ID.="{3831CDC9-19AD-4FD8-92C2-32A1CA2C6D55}" Name="HouseNo">
                              <Contents.>
                                <ERTextFormatString ID.="{2B5D3453-6B43-4431-95FD-032C65BC080C}" />
                              </Contents.>
                            </ERTextFormatXMLElement>
                            <ERTextFormatXMLElement ID.="{7BFF61D5-1922-4942-B74B-7A045DF79DD8}" Name="PostCode">
                              <Contents.>
                                <ERTextFormatString ID.="{FA19F0F2-D7DF-4B6E-A868-D03DB089E2DC}" />
                              </Contents.>
                            </ERTextFormatXMLElement>
                            <ERTextFormatXMLElement ID.="{CFC88FC1-9744-4E4E-AF7D-1601C4ABD155}" Name="City">
                              <Contents.>
                                <ERTextFormatString ID.="{40F3E556-9AE7-4AE5-987D-EA4F0466A02F}" />
                              </Contents.>
                            </ERTextFormatXMLElement>
                            <ERTextFormatXMLElement ID.="{1E7B1A48-7483-4A40-9BDE-6008583D901A}" Name="Telephone">
                              <Contents.>
                                <ERTextFormatString ID.="{840DD3F2-1671-4A98-A062-5A316499A4AB}" />
                              </Contents.>
                            </ERTextFormatXMLElement>
                          </Contents.>
                        </ERTextFormatXMLElement>
                      </Contents.>
                    </ERTextFormatXMLElement>
                    <ERTextFormatXMLElement ID.="{9B0BD35D-E27C-43A4-9B30-85612D4E4559}" Name="SMO">
                      <Contents.>
                        <ERTextFormatXMLElement ID.="{3DF77D98-2897-4164-B293-63462617DDC3}" Name="KRD_Report">
                          <Contents.>
                            <ERTextFormatXMLElement ID.="{BE349082-F4F6-4CF6-8BD4-8355F0C5E5EA}" Name="ReportHeader">
                              <Contents.>
                                <ERTextFormatXMLElement ID.="{C9E135FA-30BD-4D92-A169-34DAD05063A7}" Name="Period">
                                  <Contents.>
                                    <ERTextFormatXMLElement ID.="{4C8ADA57-E9A1-4F78-897C-E8D69A71EA7B}" Name="Year">
                                      <Contents.>
                                        <ERTextFormatString ID.="{B5FEFB75-F122-45BD-87F4-FB846E4375C1}" />
                                      </Contents.>
                                    </ERTextFormatXMLElement>
                                    <ERTextFormatXMLElement ID.="{464D03F9-B78D-4244-A9AF-902E47ED0EFC}" Name="Month">
                                      <Contents.>
                                        <ERTextFormatString ID.="{6701752E-D756-42DA-8E3B-36C75E85BFB2}" />
                                      </Contents.>
                                    </ERTextFormatXMLElement>
                                  </Contents.>
                                </ERTextFormatXMLElement>
                                <ERTextFormatXMLElement ID.="{3FAAE8C9-2006-4737-B3F8-0E3AFB034C26}" Name="ResponsiblePerson">
                                  <Contents.>
                                    <ERTextFormatXMLElement ID.="{95C53C80-5296-4C2E-A238-8A0F04BD0089}" Name="PersonalData">
                                      <Contents.>
                                        <ERTextFormatXMLElement ID.="{5DBAB58E-9A85-4DAE-93F2-5FB7F38DB5F1}" Name="Name">
                                          <Contents.>
                                            <ERTextFormatString ID.="{84AD5D9D-67BB-435D-AF19-7D807C34BF6A}" />
                                          </Contents.>
                                        </ERTextFormatXMLElement>
                                        <ERTextFormatXMLElement ID.="{470E1513-AE85-46E7-A1B0-7A20C4C51DE4}" Name="Email">
                                          <Contents.>
                                            <ERTextFormatString ID.="{A8B5A480-6B15-46FB-B43A-DE3E9A0AFF99}" />
                                          </Contents.>
                                        </ERTextFormatXMLElement>
                                        <ERTextFormatXMLElement ID.="{A9FB31EE-9351-46D4-8AC4-7E01B75BFEC3}" Name="Telephone">
                                          <Contents.>
                                            <ERTextFormatString ID.="{773F67FA-787B-4DA2-8184-E4335DBAF601}" />
                                          </Contents.>
                                        </ERTextFormatXMLElement>
                                      </Contents.>
                                    </ERTextFormatXMLElement>
                                    <ERTextFormatXMLElement ID.="{ED6546C5-8FF0-4BD4-9D4F-C222C5B2B64F}" Name="Position">
                                      <Contents.>
                                        <ERTextFormatString ID.="{BFFBA8FE-C990-4389-9C5F-490E4897A129}" />
                                      </Contents.>
                                    </ERTextFormatXMLElement>
                                  </Contents.>
                                </ERTextFormatXMLElement>
                                <ERTextFormatXMLElement ID.="{8DB56179-F536-4DE2-8B05-A4CF7B1F84F4}" Name="ReportMaker">
                                  <Contents.>
                                    <ERTextFormatXMLElement ID.="{E516E9FC-967F-4DA9-B92F-1E57EDCD6691}" Name="Name">
                                      <Contents.>
                                        <ERTextFormatString ID.="{07A60D7D-811B-4787-88C3-CDCF8D9CCFB0}" />
                                      </Contents.>
                                    </ERTextFormatXMLElement>
                                    <ERTextFormatXMLElement ID.="{D12547FD-02D0-484F-89A6-8CAEB6CFB528}" Name="Email">
                                      <Contents.>
                                        <ERTextFormatString ID.="{EDD31AC3-A2E5-4A50-ADCE-44D823D57ADE}" />
                                      </Contents.>
                                    </ERTextFormatXMLElement>
                                    <ERTextFormatXMLElement ID.="{57E6F7C3-E840-4DCF-86FD-5FB3423DEEA2}" Name="Telephone">
                                      <Contents.>
                                        <ERTextFormatString ID.="{E6A7368D-05C1-423D-BF62-7D18C49E69C5}" />
                                      </Contents.>
                                    </ERTextFormatXMLElement>
                                  </Contents.>
                                </ERTextFormatXMLElement>
                                <ERTextFormatXMLElement ID.="{79D3C894-9799-4B58-B4F6-52AF279FBAD3}" Name="Description">
                                  <Contents.>
                                    <ERTextFormatString ID.="{69163B8D-D021-4538-B339-F2A8E0958062}" />
                                  </Contents.>
                                </ERTextFormatXMLElement>
                              </Contents.>
                            </ERTextFormatXMLElement>
                            <ERTextFormatXMLElement ID.="{C155DD0B-6687-46D2-99ED-5A3A3042D025}" Name="ReportSpecifications">
                              <Contents.>
                                <ERTextFormatXMLElement ID.="{0BB60C1B-97D1-47D2-B3B8-1627ABF3DD44}" Name="Specification">
                                  <Contents.>
                                    <ERTextFormatXMLElement ID.="{F3B91A1F-F4DB-4446-97D8-749658E9F5E0}" Name="SerialNo">
                                      <Contents.>
                                        <ERTextFormatString ID.="{27C4A23C-4B96-4746-9A90-45963EE5BAB2}" />
                                      </Contents.>
                                    </ERTextFormatXMLElement>
                                    <ERTextFormatXMLElement ID.="{4C455A47-5D9D-46FF-9560-7328AC2B1E3B}" Name="ClaimOrLiability">
                                      <Contents.>
                                        <ERTextFormatString ID.="{A9B6B05C-4B08-43BE-B221-6B7C820A2F59}" />
                                      </Contents.>
                                    </ERTextFormatXMLElement>
                                    <ERTextFormatXMLElement ID.="{342A42D9-AA51-4354-A25D-85423F637C7E}" Name="InstrumentType">
                                      <Contents.>
                                        <ERTextFormatString ID.="{81229F28-8F38-4526-99FA-8480032DA069}" />
                                      </Contents.>
                                    </ERTextFormatXMLElement>
                                    <ERTextFormatXMLElement ID.="{55C0CE2C-1197-4C3D-9911-12089D5A64D9}" Name="AffiliationType">
                                      <Contents.>
                                        <ERTextFormatString ID.="{1E53B820-177A-47E1-97F9-84707A21CFE2}" />
                                      </Contents.>
                                    </ERTextFormatXMLElement>
                                    <ERTextFormatXMLElement ID.="{766F5643-121E-490E-8A47-EF3D525E6CE6}" Name="Sector">
                                      <Contents.>
                                        <ERTextFormatString ID.="{B364D457-3111-4E83-AC5E-98D3865C3E03}" />
                                      </Contents.>
                                    </ERTextFormatXMLElement>
                                    <ERTextFormatXMLElement ID.="{E3F95FA0-6A66-44A9-93E6-98DDCFE5A9EF}" Name="Maturity">
                                      <Contents.>
                                        <ERTextFormatString ID.="{8415F50E-A1E1-4F2D-A6B3-1FB68E4A319E}" />
                                      </Contents.>
                                    </ERTextFormatXMLElement>
                                    <ERTextFormatXMLElement ID.="{5DF1F5E9-DEA9-42A6-AF55-6D2B58B49E99}" Name="Country">
                                      <Contents.>
                                        <ERTextFormatString ID.="{6F1479E3-FDEE-4290-9B97-9265827EE948}" Alignment="1" AppendCharacter="0" MaximalLength="3" MinimalLength="3" />
                                      </Contents.>
                                    </ERTextFormatXMLElement>
                                    <ERTextFormatXMLElement ID.="{F70C0C8D-3131-4EE4-9AEC-2B35E8C624F3}" Name="Currency">
                                      <Contents.>
                                        <ERTextFormatString ID.="{E8C181FB-6C92-4E12-9A5F-D3AF0227041D}" />
                                      </Contents.>
                                    </ERTextFormatXMLElement>
                                    <ERTextFormatXMLElement ID.="{47FB08D0-74C0-4D44-AF07-05E5464EACE9}" Name="ISIN">
                                      <Contents.>
                                        <ERTextFormatString ID.="{6960B633-B75F-40C4-BCFB-11A0058D0EFD}" />
                                      </Contents.>
                                    </ERTextFormatXMLElement>
                                    <ERTextFormatXMLElement ID.="{ACE9016C-085E-482B-996B-CACB2635035A}" Name="Principal">
                                      <Contents.>
                                        <ERTextFormatXMLElement ID.="{7C12A466-086D-4973-AD07-0AAFAD7F0746}" Name="OpeningBalance">
                                          <Contents.>
                                            <ERTextFormatString ID.="{19ED495B-6423-4757-8D7F-C15804B86C14}" Transformation="{FC47BC6C-0BA5-4E25-9A26-2AC051634010}" />
                                          </Contents.>
                                        </ERTextFormatXMLElement>
                                        <ERTextFormatXMLElement ID.="{7BF19511-F524-44F9-BC11-133EE374D073}" Name="Increase">
                                          <Contents.>
                                            <ERTextFormatString ID.="{75768B5F-6D4D-4EF4-8C1C-FCEE6816AE85}" Transformation="{FC47BC6C-0BA5-4E25-9A26-2AC051634010}" />
                                          </Contents.>
                                        </ERTextFormatXMLElement>
                                        <ERTextFormatXMLElement ID.="{15D964AE-7239-4890-ACD6-8C0F5CE071CA}" Name="Decrease">
                                          <Contents.>
                                            <ERTextFormatString ID.="{84564869-F1FD-4071-8BDF-73E42168448E}" Transformation="{FC47BC6C-0BA5-4E25-9A26-2AC051634010}" />
                                          </Contents.>
                                        </ERTextFormatXMLElement>
                                        <ERTextFormatXMLElement ID.="{99AB5EA2-E982-45B1-AA44-084A223B2DD9}" Name="OtherChanges">
                                          <Contents.>
                                            <ERTextFormatString ID.="{2C30EA90-C579-4F14-A5C3-D130A9CE1BBE}" Transformation="{FC47BC6C-0BA5-4E25-9A26-2AC051634010}" />
                                          </Contents.>
                                        </ERTextFormatXMLElement>
                                        <ERTextFormatXMLElement ID.="{E35CF92E-6CB0-49AD-A46B-77E5B7784EA4}" Name="ClosingBalance">
                                          <Contents.>
                                            <ERTextFormatString ID.="{2B891D4C-1E39-4E12-95AE-23EBA2D910FF}" Transformation="{FC47BC6C-0BA5-4E25-9A26-2AC051634010}" />
                                          </Contents.>
                                        </ERTextFormatXMLElement>
                                        <ERTextFormatXMLElement ID.="{ECA3A3A0-544F-4493-B7AF-AAE60BEE028A}" Name="ShortTermResidualMaturity">
                                          <Contents.>
                                            <ERTextFormatString ID.="{B6851A9B-3C88-466C-8A79-EDE3B354BF1F}" Transformation="{FC47BC6C-0BA5-4E25-9A26-2AC051634010}" />
                                          </Contents.>
                                        </ERTextFormatXMLElement>
                                        <ERTextFormatXMLElement ID.="{00A04928-419A-4851-ADE5-CF31FD932F69}" Name="Arrears">
                                          <Contents.>
                                            <ERTextFormatString ID.="{55CC2606-56C5-4483-8C3D-2A6A43DE6F58}" Transformation="{FC47BC6C-0BA5-4E25-9A26-2AC051634010}" />
                                          </Contents.>
                                        </ERTextFormatXMLElement>
                                      </Contents.>
                                    </ERTextFormatXMLElement>
                                    <ERTextFormatXMLElement ID.="{87017D3E-89ED-4BD5-A2D9-C5B1F1AA9730}" Name="InterestAndIncome">
                                      <Contents.>
                                        <ERTextFormatXMLElement ID.="{15C7B7B2-F06A-4466-9D1F-8A214951FBD4}" Name="OpeningBalance">
                                          <Contents.>
                                            <ERTextFormatString ID.="{26FD0A3A-B88A-4C8D-A551-9BD8608F06FE}" Transformation="{FC47BC6C-0BA5-4E25-9A26-2AC051634010}" />
                                          </Contents.>
                                        </ERTextFormatXMLElement>
                                        <ERTextFormatXMLElement ID.="{9C82D826-4DCE-4159-B58E-427204F3A73E}" Name="AccruedInterest">
                                          <Contents.>
                                            <ERTextFormatString ID.="{FFD1F674-72CB-4127-8620-2DD3C0E0F4AD}" Transformation="{FC47BC6C-0BA5-4E25-9A26-2AC051634010}" />
                                          </Contents.>
                                        </ERTextFormatXMLElement>
                                        <ERTextFormatXMLElement ID.="{4643CC79-5E46-4277-93F6-E5E4114AD700}" Name="PaidInterest">
                                          <Contents.>
                                            <ERTextFormatString ID.="{43F47DE3-4697-44BB-A239-34E78F80AFA9}" Transformation="{FC47BC6C-0BA5-4E25-9A26-2AC051634010}" />
                                          </Contents.>
                                        </ERTextFormatXMLElement>
                                        <ERTextFormatXMLElement ID.="{F3C1D47A-2FF0-48AE-8B2C-2CD13E8714E5}" Name="OtherChanges">
                                          <Contents.>
                                            <ERTextFormatString ID.="{D52282E3-C961-4CA1-9B7B-EAE1A54DD589}" Transformation="{FC47BC6C-0BA5-4E25-9A26-2AC051634010}" />
                                          </Contents.>
                                        </ERTextFormatXMLElement>
                                        <ERTextFormatXMLElement ID.="{C6603FE1-FDAD-4ED9-A110-91CD07114330}" Name="ClosingBalance">
                                          <Contents.>
                                            <ERTextFormatString ID.="{8E6D009A-9DB2-44FD-9611-1640D2D29D60}" Transformation="{FC47BC6C-0BA5-4E25-9A26-2AC051634010}" />
                                          </Contents.>
                                        </ERTextFormatXMLElement>
                                        <ERTextFormatXMLElement ID.="{9A734B27-4420-42F1-9E33-35FAA9DAD01E}" Name="ShortTermResidualMaturity">
                                          <Contents.>
                                            <ERTextFormatString ID.="{DFAD8751-7DDF-469D-9C55-F0555500DBE7}" Transformation="{FC47BC6C-0BA5-4E25-9A26-2AC051634010}" />
                                          </Contents.>
                                        </ERTextFormatXMLElement>
                                        <ERTextFormatXMLElement ID.="{13E80906-042C-41F8-BD40-CD9AEBC842AD}" Name="Arrears">
                                          <Contents.>
                                            <ERTextFormatString ID.="{EFF9B071-B649-45D8-9B1F-FB974B21D8E5}" Transformation="{FC47BC6C-0BA5-4E25-9A26-2AC051634010}" />
                                          </Contents.>
                                        </ERTextFormatXMLElement>
                                      </Contents.>
                                    </ERTextFormatXMLElement>
                                    <ERTextFormatXMLElement ID.="{C93DD189-CA5E-49DC-B21E-205378D1C356}" Name="SpecificationEntryType">
                                      <Contents.>
                                        <ERTextFormatString ID.="{02617D36-B017-4632-AA31-9D4FA8E8001F}" />
                                      </Contents.>
                                    </ERTextFormatXMLElement>
                                  </Contents.>
                                </ERTextFormatXMLElement>
                              </Contents.>
                            </ERTextFormatXMLElement>
                          </Contents.>
                        </ERTextFormatXMLElement>
                      </Contents.>
                    </ERTextFormatXMLElement>
                  </Contents.>
                </ERTextFormatXMLElement>
              </Contents.>
            </ERTextFormatFileComponent>
          </Root>
          <TransformationRepository>
            <ERNamedTransformationsRepository>
              <Contents.>
                <ERNamedTextTransformation ID.="{C6BBC86A-7C44-490F-80BC-A479A172B1F3}" Name="formatDateTime">
                  <Transformation>
                    <ERExpressionTransformation ID.="{C98495F4-334B-4CE0-927C-739D155DD742}" ExpressionAsString="DATETIMEFORMAT(parameter, &quot;yyyy-MM-ddThh:mm:ss&quot;)" ParameterType="14" SyntaxVersion="1">
                      <Expression>
                        <ERExpressionDateTimeFormat>
                          <DateTime>
                            <ERExpressionDateTimeItemValue ItemPath="parameter" />
                          </DateTime>
                          <Format>
                            <ERExpressionStringConstant Value="yyyy-MM-ddThh:mm:ss" />
                          </Format>
                        </ERExpressionDateTimeFormat>
                      </Expression>
                    </ERExpressionTransformation>
                  </Transformation>
                </ERNamedTextTransformation>
                <ERNamedTextTransformation ID.="{0B7790E2-D7F8-43EE-8717-CB78B79596F2}" Name="formatAmount">
                  <Transformation>
                    <ERExpressionTransformation ID.="{FC47BC6C-0BA5-4E25-9A26-2AC051634010}" ExpressionAsString="NUMBERFORMAT(parameter, &quot;0.00&quot;)" ParameterType="5" SyntaxVersion="1">
                      <Expression>
                        <ERExpressionNumberFormat>
                          <Format>
                            <ERExpressionStringConstant Value="0.00" />
                          </Format>
                          <Number>
                            <ERExpressionRealItemValue ItemPath="parameter" />
                          </Number>
                        </ERExpressionNumberFormat>
                      </Expression>
                    </ERExpressionTransformation>
                  </Transformation>
                </ERNamedTextTransformation>
              </Contents.>
            </ERNamedTransformationsRepository>
          </TransformationRepository>
        </ERTextFormat>
      </Format>
    </ERFormatVersion>
    <ERFormatMappingVersion ID.="{A65E47D3-D12F-4319-8352-909AF2FEA49F},11" DateTime="2017-08-22T12:04:02" Number="11">
      <Mapping>
        <ERFormatMapping ID.="{A65E47D3-D12F-4319-8352-909AF2FEA49F}" Format="{B4238AE8-FF97-40C9-8F5F-9466A71D5DE8}" FormatVersion="{B4238AE8-FF97-40C9-8F5F-9466A71D5DE8},5" Name="KRD report">
          <Binding>
            <ERFormatBinding>
              <Contents.>
                <ERFormatComponentPropertyBinding Component="{60D4B1F4-D591-423E-AE3E-726DF7C27A60}" ExpressionAsString="model.ReportHeader.MessageId">
                  <Expression>
                    <ERExpressionStringItemValue ItemPath="model/ReportHeader/MessageId" />
                  </Expression>
                </ERFormatComponentPropertyBinding>
                <ERFormatComponentPropertyBinding Component="{10671E6E-A16B-45DC-A90F-0E168FFF5DEF}" ExpressionAsString="NOW()" SyntaxVersion="1">
                  <Expression>
                    <ERExpressionDateTimeNow />
                  </Expression>
                </ERFormatComponentPropertyBinding>
                <ERFormatComponentPropertyBinding Component="{B7F288FD-B519-47AF-B2DD-204E2541A084}" ExpressionAsString="model.ReportHeader.IdentificationNumber_SI">
                  <Expression>
                    <ERExpressionStringItemValue ItemPath="model/ReportHeader/IdentificationNumber_SI" />
                  </Expression>
                </ERFormatComponentPropertyBinding>
                <ERFormatComponentPropertyBinding Component="{8B20BC90-98E6-405C-BFEE-F6E31B675A9F}" ExpressionAsString="model.ReportHeader.TaxIdentification_SI">
                  <Expression>
                    <ERExpressionStringItemValue ItemPath="model/ReportHeader/TaxIdentification_SI" />
                  </Expression>
                </ERFormatComponentPropertyBinding>
                <ERFormatComponentPropertyBinding Component="{DA2D92D7-926A-4F10-8F5C-E5D970B9D8BD}" ExpressionAsString="model.ReportHeader.CompanyName">
                  <Expression>
                    <ERExpressionStringItemValue ItemPath="model/ReportHeader/CompanyName" />
                  </Expression>
                </ERFormatComponentPropertyBinding>
                <ERFormatComponentPropertyBinding Component="{3DC232D3-A757-4EF6-834A-D0076FAED987}" ExpressionAsString="model.ReportHeader.CompanyStreet">
                  <Expression>
                    <ERExpressionStringItemValue ItemPath="model/ReportHeader/CompanyStreet" />
                  </Expression>
                </ERFormatComponentPropertyBinding>
                <ERFormatComponentPropertyBinding Component="{A3833C09-9389-4355-B566-BEE6FF42E657}" ExpressionAsString="model.ReportHeader.CompanyStreetNumber">
                  <Expression>
                    <ERExpressionStringItemValue ItemPath="model/ReportHeader/CompanyStreetNumber" />
                  </Expression>
                </ERFormatComponentPropertyBinding>
                <ERFormatComponentPropertyBinding Component="{E8B5206F-765F-4740-AC6E-0EDD8C3167A7}" ExpressionAsString="model.ReportHeader.CompanyZipCode">
                  <Expression>
                    <ERExpressionStringItemValue ItemPath="model/ReportHeader/CompanyZipCode" />
                  </Expression>
                </ERFormatComponentPropertyBinding>
                <ERFormatComponentPropertyBinding Component="{AD3A6570-0777-410B-A584-D7303133F48D}" ExpressionAsString="model.ReportHeader.CompanyCity">
                  <Expression>
                    <ERExpressionStringItemValue ItemPath="model/ReportHeader/CompanyCity" />
                  </Expression>
                </ERFormatComponentPropertyBinding>
                <ERFormatComponentPropertyBinding Component="{E787FB3B-5F6A-4B40-828D-1F2BE860B60C}" ExpressionAsString="model.ReportHeader.CompanyStreetNumber &lt;&gt; &quot;&quot;&#xA;   " PropertyName="Enabled" SyntaxVersion="1">
                  <Expression>
                    <ERExpressionStringNotEquals>
                      <FirstExpression>
                        <ERExpressionStringItemValue ItemPath="model/ReportHeader/CompanyStreetNumber" />
                      </FirstExpression>
                      <SecondExpression>
                        <ERExpressionStringConstant />
                      </SecondExpression>
                    </ERExpressionStringNotEquals>
                  </Expression>
                </ERFormatComponentPropertyBinding>
                <ERFormatComponentPropertyBinding Component="{F466AB3E-623D-4438-8603-ECD488CA24A8}" ExpressionAsString="model.ReportHeader.CompanyZipCode &lt;&gt; &quot;&quot;" PropertyName="Enabled" SyntaxVersion="1">
                  <Expression>
                    <ERExpressionStringNotEquals>
                      <FirstExpression>
                        <ERExpressionStringItemValue ItemPath="model/ReportHeader/CompanyZipCode" />
                      </FirstExpression>
                      <SecondExpression>
                        <ERExpressionStringConstant />
                      </SecondExpression>
                    </ERExpressionStringNotEquals>
                  </Expression>
                </ERFormatComponentPropertyBinding>
                <ERFormatComponentPropertyBinding Component="{40101A15-317C-49BF-B480-6E787D274915}" ExpressionAsString="model.ReportHeader.CompanyCity &lt;&gt; &quot;&quot;" PropertyName="Enabled" SyntaxVersion="1">
                  <Expression>
                    <ERExpressionStringNotEquals>
                      <FirstExpression>
                        <ERExpressionStringItemValue ItemPath="model/ReportHeader/CompanyCity" />
                      </FirstExpression>
                      <SecondExpression>
                        <ERExpressionStringConstant />
                      </SecondExpression>
                    </ERExpressionStringNotEquals>
                  </Expression>
                </ERFormatComponentPropertyBinding>
                <ERFormatComponentPropertyBinding Component="{6B7C4296-9546-43B5-A9AD-03F52B46AA0F}" ExpressionAsString="model.ReportHeader.IdentificationNumber_SI">
                  <Expression>
                    <ERExpressionStringItemValue ItemPath="model/ReportHeader/IdentificationNumber_SI" />
                  </Expression>
                </ERFormatComponentPropertyBinding>
                <ERFormatComponentPropertyBinding Component="{A7D7D64D-903B-4FCF-82A0-A2A2EF1EADBE}" ExpressionAsString="model.ReportHeader.TaxIdentification_SI">
                  <Expression>
                    <ERExpressionStringItemValue ItemPath="model/ReportHeader/TaxIdentification_SI" />
                  </Expression>
                </ERFormatComponentPropertyBinding>
                <ERFormatComponentPropertyBinding Component="{80CF64FC-615D-4E74-B61F-87D60B7E8AD2}" ExpressionAsString="IF(&#xA;   model.ReportHeader.ReporterName &lt;&gt; &quot;&quot;,&#xA;   model.ReportHeader.ReporterName,&#xA;   model.ReportHeader.CompanyName&#xA;)" SyntaxVersion="1">
                  <Expression>
                    <ERExpressionGenericIf>
                      <Condition>
                        <ERExpressionStringNotEquals>
                          <FirstExpression>
                            <ERExpressionStringItemValue ItemPath="model/ReportHeader/ReporterName" />
                          </FirstExpression>
                          <SecondExpression>
                            <ERExpressionStringConstant />
                          </SecondExpression>
                        </ERExpressionStringNotEquals>
                      </Condition>
                      <FalseValue>
                        <ERExpressionStringItemValue ItemPath="model/ReportHeader/CompanyName" />
                      </FalseValue>
                      <TrueValue>
                        <ERExpressionStringItemValue ItemPath="model/ReportHeader/ReporterName" />
                      </TrueValue>
                    </ERExpressionGenericIf>
                  </Expression>
                </ERFormatComponentPropertyBinding>
                <ERFormatComponentPropertyBinding Component="{6E369BDD-9634-4E6B-8B50-593C83362447}" ExpressionAsString="model.ReportHeader.CompanyStreet">
                  <Expression>
                    <ERExpressionStringItemValue ItemPath="model/ReportHeader/CompanyStreet" />
                  </Expression>
                </ERFormatComponentPropertyBinding>
                <ERFormatComponentPropertyBinding Component="{2B5D3453-6B43-4431-95FD-032C65BC080C}" ExpressionAsString="model.ReportHeader.CompanyStreetNumber">
                  <Expression>
                    <ERExpressionStringItemValue ItemPath="model/ReportHeader/CompanyStreetNumber" />
                  </Expression>
                </ERFormatComponentPropertyBinding>
                <ERFormatComponentPropertyBinding Component="{FA19F0F2-D7DF-4B6E-A868-D03DB089E2DC}" ExpressionAsString="model.ReportHeader.CompanyZipCode">
                  <Expression>
                    <ERExpressionStringItemValue ItemPath="model/ReportHeader/CompanyZipCode" />
                  </Expression>
                </ERFormatComponentPropertyBinding>
                <ERFormatComponentPropertyBinding Component="{40F3E556-9AE7-4AE5-987D-EA4F0466A02F}" ExpressionAsString="model.ReportHeader.CompanyCity">
                  <Expression>
                    <ERExpressionStringItemValue ItemPath="model/ReportHeader/CompanyCity" />
                  </Expression>
                </ERFormatComponentPropertyBinding>
                <ERFormatComponentPropertyBinding Component="{3831CDC9-19AD-4FD8-92C2-32A1CA2C6D55}" ExpressionAsString="model.ReportHeader.CompanyStreetNumber &lt;&gt; &quot;&quot;" PropertyName="Enabled" SyntaxVersion="1">
                  <Expression>
                    <ERExpressionStringNotEquals>
                      <FirstExpression>
                        <ERExpressionStringItemValue ItemPath="model/ReportHeader/CompanyStreetNumber" />
                      </FirstExpression>
                      <SecondExpression>
                        <ERExpressionStringConstant />
                      </SecondExpression>
                    </ERExpressionStringNotEquals>
                  </Expression>
                </ERFormatComponentPropertyBinding>
                <ERFormatComponentPropertyBinding Component="{7BFF61D5-1922-4942-B74B-7A045DF79DD8}" ExpressionAsString="model.ReportHeader.CompanyZipCode &lt;&gt; &quot;&quot;" PropertyName="Enabled" SyntaxVersion="1">
                  <Expression>
                    <ERExpressionStringNotEquals>
                      <FirstExpression>
                        <ERExpressionStringItemValue ItemPath="model/ReportHeader/CompanyZipCode" />
                      </FirstExpression>
                      <SecondExpression>
                        <ERExpressionStringConstant />
                      </SecondExpression>
                    </ERExpressionStringNotEquals>
                  </Expression>
                </ERFormatComponentPropertyBinding>
                <ERFormatComponentPropertyBinding Component="{CFC88FC1-9744-4E4E-AF7D-1601C4ABD155}" ExpressionAsString="model.ReportHeader.CompanyCity &lt;&gt; &quot;&quot;" PropertyName="Enabled" SyntaxVersion="1">
                  <Expression>
                    <ERExpressionStringNotEquals>
                      <FirstExpression>
                        <ERExpressionStringItemValue ItemPath="model/ReportHeader/CompanyCity" />
                      </FirstExpression>
                      <SecondExpression>
                        <ERExpressionStringConstant />
                      </SecondExpression>
                    </ERExpressionStringNotEquals>
                  </Expression>
                </ERFormatComponentPropertyBinding>
                <ERFormatComponentPropertyBinding Component="{BC244717-FB01-4F62-9EE5-3818D032AA38}" ExpressionAsString="&quot;7&quot;" SyntaxVersion="1">
                  <Expression>
                    <ERExpressionStringConstant Value="7" />
                  </Expression>
                </ERFormatComponentPropertyBinding>
                <ERFormatComponentPropertyBinding Component="{CA72A037-F29F-403F-BCFE-64F80E271AEC}" ExpressionAsString="&quot;P&quot;" SyntaxVersion="1">
                  <Expression>
                    <ERExpressionStringConstant Value="P" />
                  </Expression>
                </ERFormatComponentPropertyBinding>
                <ERFormatComponentPropertyBinding Component="{B5FEFB75-F122-45BD-87F4-FB846E4375C1}" ExpressionAsString="model.ReportHeader.Year">
                  <Expression>
                    <ERExpressionStringItemValue ItemPath="model/ReportHeader/Year" />
                  </Expression>
                </ERFormatComponentPropertyBinding>
                <ERFormatComponentPropertyBinding Component="{6701752E-D756-42DA-8E3B-36C75E85BFB2}" ExpressionAsString="model.ReportHeader.Month">
                  <Expression>
                    <ERExpressionStringItemValue ItemPath="model/ReportHeader/Month" />
                  </Expression>
                </ERFormatComponentPropertyBinding>
                <ERFormatComponentPropertyBinding Component="{84AD5D9D-67BB-435D-AF19-7D807C34BF6A}" ExpressionAsString="model.ReportHeader.ResponsiblePerson.Name">
                  <Expression>
                    <ERExpressionStringItemValue ItemPath="model/ReportHeader/ResponsiblePerson/Name" />
                  </Expression>
                </ERFormatComponentPropertyBinding>
                <ERFormatComponentPropertyBinding Component="{A8B5A480-6B15-46FB-B43A-DE3E9A0AFF99}" ExpressionAsString="model.ReportHeader.ResponsiblePerson.Email">
                  <Expression>
                    <ERExpressionStringItemValue ItemPath="model/ReportHeader/ResponsiblePerson/Email" />
                  </Expression>
                </ERFormatComponentPropertyBinding>
                <ERFormatComponentPropertyBinding Component="{773F67FA-787B-4DA2-8184-E4335DBAF601}" ExpressionAsString="model.ReportHeader.ResponsiblePerson.Phone">
                  <Expression>
                    <ERExpressionStringItemValue ItemPath="model/ReportHeader/ResponsiblePerson/Phone" />
                  </Expression>
                </ERFormatComponentPropertyBinding>
                <ERFormatComponentPropertyBinding Component="{BFFBA8FE-C990-4389-9C5F-490E4897A129}" ExpressionAsString="&quot; &quot;" SyntaxVersion="1">
                  <Expression>
                    <ERExpressionStringConstant Value=" " />
                  </Expression>
                </ERFormatComponentPropertyBinding>
                <ERFormatComponentPropertyBinding Component="{07A60D7D-811B-4787-88C3-CDCF8D9CCFB0}" ExpressionAsString="model.ReportHeader.ReportingPerson.Name">
                  <Expression>
                    <ERExpressionStringItemValue ItemPath="model/ReportHeader/ReportingPerson/Name" />
                  </Expression>
                </ERFormatComponentPropertyBinding>
                <ERFormatComponentPropertyBinding Component="{EDD31AC3-A2E5-4A50-ADCE-44D823D57ADE}" ExpressionAsString="model.ReportHeader.ReportingPerson.Email">
                  <Expression>
                    <ERExpressionStringItemValue ItemPath="model/ReportHeader/ReportingPerson/Email" />
                  </Expression>
                </ERFormatComponentPropertyBinding>
                <ERFormatComponentPropertyBinding Component="{E6A7368D-05C1-423D-BF62-7D18C49E69C5}" ExpressionAsString="model.ReportHeader.ReportingPerson.Phone">
                  <Expression>
                    <ERExpressionStringItemValue ItemPath="model/ReportHeader/ReportingPerson/Phone" />
                  </Expression>
                </ERFormatComponentPropertyBinding>
                <ERFormatComponentPropertyBinding Component="{0BB60C1B-97D1-47D2-B3B8-1627ABF3DD44}" ExpressionAsString="model.'$ReportSumEnumerated'">
                  <Expression>
                    <ERExpressionListItemValue ItemPath="model/$ReportSumEnumerated" />
                  </Expression>
                </ERFormatComponentPropertyBinding>
                <ERFormatComponentPropertyBinding Component="{02617D36-B017-4632-AA31-9D4FA8E8001F}" ExpressionAsString="&quot;L&quot;" SyntaxVersion="1">
                  <Expression>
                    <ERExpressionStringConstant Value="L" />
                  </Expression>
                </ERFormatComponentPropertyBinding>
                <ERFormatComponentPropertyBinding Component="{27C4A23C-4B96-4746-9A90-45963EE5BAB2}" ExpressionAsString="model.'$ReportSumEnumerated'.Number">
                  <Expression>
                    <ERExpressionIntItemValue ItemPath="model/$ReportSumEnumerated/Number" />
                  </Expression>
                </ERFormatComponentPropertyBinding>
                <ERFormatComponentPropertyBinding Component="{A9B6B05C-4B08-43BE-B221-6B7C820A2F59}" ExpressionAsString="model.'$ReportSumEnumerated'.Value.'$ClaimOrLiability'">
                  <Expression>
                    <ERExpressionStringItemValue ItemPath="model/$ReportSumEnumerated/Value/$ClaimOrLiability" />
                  </Expression>
                </ERFormatComponentPropertyBinding>
                <ERFormatComponentPropertyBinding Component="{1E53B820-177A-47E1-97F9-84707A21CFE2}" ExpressionAsString="model.'$ReportSumEnumerated'.Value.'$AffiliationType'">
                  <Expression>
                    <ERExpressionStringItemValue ItemPath="model/$ReportSumEnumerated/Value/$AffiliationType" />
                  </Expression>
                </ERFormatComponentPropertyBinding>
                <ERFormatComponentPropertyBinding Component="{B364D457-3111-4E83-AC5E-98D3865C3E03}" ExpressionAsString="model.'$ReportSumEnumerated'.Value.SectorCode">
                  <Expression>
                    <ERExpressionStringItemValue ItemPath="model/$ReportSumEnumerated/Value/SectorCode" />
                  </Expression>
                </ERFormatComponentPropertyBinding>
                <ERFormatComponentPropertyBinding Component="{6F1479E3-FDEE-4290-9B97-9265827EE948}" ExpressionAsString="model.'$ReportSumEnumerated'.Value.ISOCountryCodeNum">
                  <Expression>
                    <ERExpressionIntItemValue ItemPath="model/$ReportSumEnumerated/Value/ISOCountryCodeNum" />
                  </Expression>
                </ERFormatComponentPropertyBinding>
                <ERFormatComponentPropertyBinding Component="{E8C181FB-6C92-4E12-9A5F-D3AF0227041D}" ExpressionAsString="model.'$ReportSumEnumerated'.Value.CurrencyCode">
                  <Expression>
                    <ERExpressionStringItemValue ItemPath="model/$ReportSumEnumerated/Value/CurrencyCode" />
                  </Expression>
                </ERFormatComponentPropertyBinding>
                <ERFormatComponentPropertyBinding Component="{19ED495B-6423-4757-8D7F-C15804B86C14}" ExpressionAsString="model.'$ReportSumEnumerated'.Value.AmountStart">
                  <Expression>
                    <ERExpressionRealItemValue ItemPath="model/$ReportSumEnumerated/Value/AmountStart" />
                  </Expression>
                </ERFormatComponentPropertyBinding>
                <ERFormatComponentPropertyBinding Component="{75768B5F-6D4D-4EF4-8C1C-FCEE6816AE85}" ExpressionAsString="model.'$ReportSumEnumerated'.Value.AmountNetIncrease">
                  <Expression>
                    <ERExpressionRealItemValue ItemPath="model/$ReportSumEnumerated/Value/AmountNetIncrease" />
                  </Expression>
                </ERFormatComponentPropertyBinding>
                <ERFormatComponentPropertyBinding Component="{84564869-F1FD-4071-8BDF-73E42168448E}" ExpressionAsString="model.'$ReportSumEnumerated'.Value.AmountNetDecrease">
                  <Expression>
                    <ERExpressionRealItemValue ItemPath="model/$ReportSumEnumerated/Value/AmountNetDecrease" />
                  </Expression>
                </ERFormatComponentPropertyBinding>
                <ERFormatComponentPropertyBinding Component="{2C30EA90-C579-4F14-A5C3-D130A9CE1BBE}" ExpressionAsString="model.'$ReportSumEnumerated'.Value.AmountOther">
                  <Expression>
                    <ERExpressionRealItemValue ItemPath="model/$ReportSumEnumerated/Value/AmountOther" />
                  </Expression>
                </ERFormatComponentPropertyBinding>
                <ERFormatComponentPropertyBinding Component="{2B891D4C-1E39-4E12-95AE-23EBA2D910FF}" ExpressionAsString="model.'$ReportSumEnumerated'.Value.AmountTotal">
                  <Expression>
                    <ERExpressionRealItemValue ItemPath="model/$ReportSumEnumerated/Value/AmountTotal" />
                  </Expression>
                </ERFormatComponentPropertyBinding>
                <ERFormatComponentPropertyBinding Component="{95C53C80-5296-4C2E-A238-8A0F04BD0089}" ExpressionAsString="Mapping validations" PropertyName="Validation">
                  <Expression>
                    <ERExpressionValidationConditions>
                      <Contents.>
                        <ERExpressionValidationCondition ID.="{F701EBFD-BFA7-4C50-AA96-0AFC6A421163}" PostAction="2">
                          <ConditionHost>
                            <ERExpressionBooleanHost ExpressionAsString="model.ReportHeader.ResponsiblePerson.Name &lt;&gt; &quot;&quot;" SyntaxVersion="1">
                              <Expression>
                                <ERExpressionStringNotEquals>
                                  <FirstExpression>
                                    <ERExpressionStringItemValue ItemPath="model/ReportHeader/ResponsiblePerson/Name" />
                                  </FirstExpression>
                                  <SecondExpression>
                                    <ERExpressionStringConstant />
                                  </SecondExpression>
                                </ERExpressionStringNotEquals>
                              </Expression>
                            </ERExpressionBooleanHost>
                          </ConditionHost>
                          <MessageHost>
                            <ERExpressionStringHost ExpressionAsString="FORMAT(@&quot;AIM5776&quot;, @&quot;SYS190434&quot;, @&quot;AIN1405&quot;)" SyntaxVersion="1">
                              <Expression>
                                <ERExpressionStringFormat>
                                  <Contents.>
                                    <ERExpressionStringLabel>
                                      <LabelId>
                                        <ERExpressionStringConstant Value="AIM5776" />
                                      </LabelId>
                                    </ERExpressionStringLabel>
                                    <ERExpressionStringLabel>
                                      <LabelId>
                                        <ERExpressionStringConstant Value="SYS190434" />
                                      </LabelId>
                                    </ERExpressionStringLabel>
                                    <ERExpressionStringLabel>
                                      <LabelId>
                                        <ERExpressionStringConstant Value="AIN1405" />
                                      </LabelId>
                                    </ERExpressionStringLabel>
                                  </Contents.>
                                </ERExpressionStringFormat>
                              </Expression>
                            </ERExpressionStringHost>
                          </MessageHost>
                        </ERExpressionValidationCondition>
                      </Contents.>
                    </ERExpressionValidationConditions>
                  </Expression>
                </ERFormatComponentPropertyBinding>
                <ERFormatComponentPropertyBinding Component="{8DB56179-F536-4DE2-8B05-A4CF7B1F84F4}" ExpressionAsString="Mapping validations" PropertyName="Validation">
                  <Expression>
                    <ERExpressionValidationConditions>
                      <Contents.>
                        <ERExpressionValidationCondition ID.="{168A34DE-693C-491D-9ACA-279EA86D28B3}" PostAction="2">
                          <ConditionHost>
                            <ERExpressionBooleanHost ExpressionAsString="model.ReportHeader.ReportingPerson.Name &lt;&gt; &quot;&quot;" SyntaxVersion="1">
                              <Expression>
                                <ERExpressionStringNotEquals>
                                  <FirstExpression>
                                    <ERExpressionStringItemValue ItemPath="model/ReportHeader/ReportingPerson/Name" />
                                  </FirstExpression>
                                  <SecondExpression>
                                    <ERExpressionStringConstant />
                                  </SecondExpression>
                                </ERExpressionStringNotEquals>
                              </Expression>
                            </ERExpressionBooleanHost>
                          </ConditionHost>
                          <MessageHost>
                            <ERExpressionStringHost ExpressionAsString="FORMAT(@&quot;AIM5776&quot;, @&quot;AIN1578&quot;, @&quot;AIN1405&quot;)" SyntaxVersion="1">
                              <Expression>
                                <ERExpressionStringFormat>
                                  <Contents.>
                                    <ERExpressionStringLabel>
                                      <LabelId>
                                        <ERExpressionStringConstant Value="AIM5776" />
                                      </LabelId>
                                    </ERExpressionStringLabel>
                                    <ERExpressionStringLabel>
                                      <LabelId>
                                        <ERExpressionStringConstant Value="AIN1578" />
                                      </LabelId>
                                    </ERExpressionStringLabel>
                                    <ERExpressionStringLabel>
                                      <LabelId>
                                        <ERExpressionStringConstant Value="AIN1405" />
                                      </LabelId>
                                    </ERExpressionStringLabel>
                                  </Contents.>
                                </ERExpressionStringFormat>
                              </Expression>
                            </ERExpressionStringHost>
                          </MessageHost>
                        </ERExpressionValidationCondition>
                      </Contents.>
                    </ERExpressionValidationConditions>
                  </Expression>
                </ERFormatComponentPropertyBinding>
                <ERFormatComponentPropertyBinding Component="{69163B8D-D021-4538-B339-F2A8E0958062}" ExpressionAsString="model.ReportHeader.Comment">
                  <Expression>
                    <ERExpressionStringItemValue ItemPath="model/ReportHeader/Comment" />
                  </Expression>
                </ERFormatComponentPropertyBinding>
                <ERFormatComponentPropertyBinding Component="{79D3C894-9799-4B58-B4F6-52AF279FBAD3}" ExpressionAsString="model.ReportHeader.Comment &lt;&gt; &quot;&quot;" PropertyName="Enabled" SyntaxVersion="1">
                  <Expression>
                    <ERExpressionStringNotEquals>
                      <FirstExpression>
                        <ERExpressionStringItemValue ItemPath="model/ReportHeader/Comment" />
                      </FirstExpression>
                      <SecondExpression>
                        <ERExpressionStringConstant />
                      </SecondExpression>
                    </ERExpressionStringNotEquals>
                  </Expression>
                </ERFormatComponentPropertyBinding>
                <ERFormatComponentPropertyBinding Component="{314C2C05-E3D2-4AF3-B5FC-8C9D7F0930E5}" ExpressionAsString="model.ReportHeader.Phone">
                  <Expression>
                    <ERExpressionStringItemValue ItemPath="model/ReportHeader/Phone" />
                  </Expression>
                </ERFormatComponentPropertyBinding>
                <ERFormatComponentPropertyBinding Component="{840DD3F2-1671-4A98-A062-5A316499A4AB}" ExpressionAsString="model.ReportHeader.Phone">
                  <Expression>
                    <ERExpressionStringItemValue ItemPath="model/ReportHeader/Phone" />
                  </Expression>
                </ERFormatComponentPropertyBinding>
                <ERFormatComponentPropertyBinding Component="{D25FCAD4-66FA-40BE-8343-68B19400CAFC}" ExpressionAsString="model.ReportHeader.Phone &lt;&gt; &quot;&quot;" PropertyName="Enabled" SyntaxVersion="1">
                  <Expression>
                    <ERExpressionStringNotEquals>
                      <FirstExpression>
                        <ERExpressionStringItemValue ItemPath="model/ReportHeader/Phone" />
                      </FirstExpression>
                      <SecondExpression>
                        <ERExpressionStringConstant />
                      </SecondExpression>
                    </ERExpressionStringNotEquals>
                  </Expression>
                </ERFormatComponentPropertyBinding>
                <ERFormatComponentPropertyBinding Component="{1E7B1A48-7483-4A40-9BDE-6008583D901A}" ExpressionAsString="model.ReportHeader.Phone &lt;&gt; &quot;&quot;" PropertyName="Enabled" SyntaxVersion="1">
                  <Expression>
                    <ERExpressionStringNotEquals>
                      <FirstExpression>
                        <ERExpressionStringItemValue ItemPath="model/ReportHeader/Phone" />
                      </FirstExpression>
                      <SecondExpression>
                        <ERExpressionStringConstant />
                      </SecondExpression>
                    </ERExpressionStringNotEquals>
                  </Expression>
                </ERFormatComponentPropertyBinding>
                <ERFormatComponentPropertyBinding Component="{3DF77D98-2897-4164-B293-63462617DDC3}" ExpressionAsString="Mapping validations" PropertyName="Validation">
                  <Expression>
                    <ERExpressionValidationConditions>
                      <Contents.>
                        <ERExpressionValidationCondition ID.="{A8EB24F7-7A4A-4627-A7CE-BB74FC337C55}" PostAction="2">
                          <ConditionHost>
                            <ERExpressionBooleanHost ExpressionAsString="OR(&#xA;   model.ReportHeader.Comment &lt;&gt; &quot;&quot;,&#xA;   AND(&#xA;      COUNT(WHERE(model.ReportSum, model.ReportSum.AmountOther &lt;&gt; 0)) = 0,&#xA;      COUNT(WHERE(model.ReportSum, model.ReportSum.InterestAmountOther &lt;&gt; 0)) = 0&#xA;   )&#xA;)" SyntaxVersion="1">
                              <Expression>
                                <ERExpressionOr>
                                  <Contents.>
                                    <ERExpressionStringNotEquals>
                                      <FirstExpression>
                                        <ERExpressionStringItemValue ItemPath="model/ReportHeader/Comment" />
                                      </FirstExpression>
                                      <SecondExpression>
                                        <ERExpressionStringConstant />
                                      </SecondExpression>
                                    </ERExpressionStringNotEquals>
                                    <ERExpressionAnd>
                                      <Contents.>
                                        <ERExpressionNumericEquals>
                                          <FirstExpression>
                                            <ERExpressionListCount>
                                              <Input>
                                                <ERExpressionListWhere>
                                                  <Condition>
                                                    <ERExpressionNumericNotEquals>
                                                      <FirstExpression>
                                                        <ERExpressionRealItemValue ItemPath="model/ReportSum/AmountOther" />
                                                      </FirstExpression>
                                                      <SecondExpression>
                                                        <ERExpressionIntConstant />
                                                      </SecondExpression>
                                                    </ERExpressionNumericNotEquals>
                                                  </Condition>
                                                  <List>
                                                    <ERExpressionListItemValue ItemPath="model/ReportSum" />
                                                  </List>
                                                </ERExpressionListWhere>
                                              </Input>
                                            </ERExpressionListCount>
                                          </FirstExpression>
                                          <SecondExpression>
                                            <ERExpressionIntConstant />
                                          </SecondExpression>
                                        </ERExpressionNumericEquals>
                                        <ERExpressionNumericEquals>
                                          <FirstExpression>
                                            <ERExpressionListCount>
                                              <Input>
                                                <ERExpressionListWhere>
                                                  <Condition>
                                                    <ERExpressionNumericNotEquals>
                                                      <FirstExpression>
                                                        <ERExpressionRealItemValue ItemPath="model/ReportSum/InterestAmountOther" />
                                                      </FirstExpression>
                                                      <SecondExpression>
                                                        <ERExpressionIntConstant />
                                                      </SecondExpression>
                                                    </ERExpressionNumericNotEquals>
                                                  </Condition>
                                                  <List>
                                                    <ERExpressionListItemValue ItemPath="model/ReportSum" />
                                                  </List>
                                                </ERExpressionListWhere>
                                              </Input>
                                            </ERExpressionListCount>
                                          </FirstExpression>
                                          <SecondExpression>
                                            <ERExpressionIntConstant />
                                          </SecondExpression>
                                        </ERExpressionNumericEquals>
                                      </Contents.>
                                    </ERExpressionAnd>
                                  </Contents.>
                                </ERExpressionOr>
                              </Expression>
                            </ERExpressionBooleanHost>
                          </ConditionHost>
                          <MessageHost>
                            <ERExpressionStringHost ExpressionAsString="@&quot;GER_LABEL:OtherChangesValidation&quot;" SyntaxVersion="1">
                              <Expression>
                                <ERExpressionStringLabel>
                                  <LabelId>
                                    <ERExpressionStringConstant Value="GER_LABEL:OtherChangesValidation" />
                                  </LabelId>
                                </ERExpressionStringLabel>
                              </Expression>
                            </ERExpressionStringHost>
                          </MessageHost>
                        </ERExpressionValidationCondition>
                      </Contents.>
                    </ERExpressionValidationConditions>
                  </Expression>
                </ERFormatComponentPropertyBinding>
                <ERFormatComponentPropertyBinding Component="{81229F28-8F38-4526-99FA-8480032DA069}" ExpressionAsString="model.'$ReportSumEnumerated'.Value.InstrumentType">
                  <Expression>
                    <ERExpressionStringItemValue ItemPath="model/$ReportSumEnumerated/Value/InstrumentType" />
                  </Expression>
                </ERFormatComponentPropertyBinding>
                <ERFormatComponentPropertyBinding Component="{8415F50E-A1E1-4F2D-A6B3-1FB68E4A319E}" ExpressionAsString="CASE(&#xA;    model.'$ReportSumEnumerated'.Value.Maturity,&#xA;    FIMaturity.LongTerm, &quot;D&quot;,&#xA;    FIMaturity.ShortTerm, &quot;K&quot;,&#xA;    &quot;K&quot;&#xA;)&#xA;" SyntaxVersion="1">
                  <Expression>
                    <ERExpressionGenericCase>
                      <Contents.>
                        <ERExpressionEnumItemValue ItemPath="model/$ReportSumEnumerated/Value/Maturity" />
                        <ERExpressionEnumItemValue ItemPath="FIMaturity/LongTerm" />
                        <ERExpressionStringConstant Value="D" />
                        <ERExpressionEnumItemValue ItemPath="FIMaturity/ShortTerm" />
                        <ERExpressionStringConstant Value="K" />
                        <ERExpressionStringConstant Value="K" />
                      </Contents.>
                    </ERExpressionGenericCase>
                  </Expression>
                </ERFormatComponentPropertyBinding>
                <ERFormatComponentPropertyBinding Component="{6960B633-B75F-40C4-BCFB-11A0058D0EFD}" ExpressionAsString="model.'$ReportSumEnumerated'.Value.ISINCode">
                  <Expression>
                    <ERExpressionStringItemValue ItemPath="model/$ReportSumEnumerated/Value/ISINCode" />
                  </Expression>
                </ERFormatComponentPropertyBinding>
                <ERFormatComponentPropertyBinding Component="{B6851A9B-3C88-466C-8A79-EDE3B354BF1F}" ExpressionAsString="model.'$ReportSumEnumerated'.Value.AmountShortTerm">
                  <Expression>
                    <ERExpressionRealItemValue ItemPath="model/$ReportSumEnumerated/Value/AmountShortTerm" />
                  </Expression>
                </ERFormatComponentPropertyBinding>
                <ERFormatComponentPropertyBinding Component="{55CC2606-56C5-4483-8C3D-2A6A43DE6F58}" ExpressionAsString="model.'$ReportSumEnumerated'.Value.AmountPastDue">
                  <Expression>
                    <ERExpressionRealItemValue ItemPath="model/$ReportSumEnumerated/Value/AmountPastDue" />
                  </Expression>
                </ERFormatComponentPropertyBinding>
                <ERFormatComponentPropertyBinding Component="{26FD0A3A-B88A-4C8D-A551-9BD8608F06FE}" ExpressionAsString="model.'$ReportSumEnumerated'.Value.InterestAmountStart">
                  <Expression>
                    <ERExpressionRealItemValue ItemPath="model/$ReportSumEnumerated/Value/InterestAmountStart" />
                  </Expression>
                </ERFormatComponentPropertyBinding>
                <ERFormatComponentPropertyBinding Component="{FFD1F674-72CB-4127-8620-2DD3C0E0F4AD}" ExpressionAsString="model.'$ReportSumEnumerated'.Value.InterestAmountNetIncrease">
                  <Expression>
                    <ERExpressionRealItemValue ItemPath="model/$ReportSumEnumerated/Value/InterestAmountNetIncrease" />
                  </Expression>
                </ERFormatComponentPropertyBinding>
                <ERFormatComponentPropertyBinding Component="{43F47DE3-4697-44BB-A239-34E78F80AFA9}" ExpressionAsString="model.'$ReportSumEnumerated'.Value.InterestAmountNetDecrease">
                  <Expression>
                    <ERExpressionRealItemValue ItemPath="model/$ReportSumEnumerated/Value/InterestAmountNetDecrease" />
                  </Expression>
                </ERFormatComponentPropertyBinding>
                <ERFormatComponentPropertyBinding Component="{D52282E3-C961-4CA1-9B7B-EAE1A54DD589}" ExpressionAsString="model.'$ReportSumEnumerated'.Value.InterestAmountOther">
                  <Expression>
                    <ERExpressionRealItemValue ItemPath="model/$ReportSumEnumerated/Value/InterestAmountOther" />
                  </Expression>
                </ERFormatComponentPropertyBinding>
                <ERFormatComponentPropertyBinding Component="{8E6D009A-9DB2-44FD-9611-1640D2D29D60}" ExpressionAsString="model.'$ReportSumEnumerated'.Value.InterestAmountTotal">
                  <Expression>
                    <ERExpressionRealItemValue ItemPath="model/$ReportSumEnumerated/Value/InterestAmountTotal" />
                  </Expression>
                </ERFormatComponentPropertyBinding>
                <ERFormatComponentPropertyBinding Component="{DFAD8751-7DDF-469D-9C55-F0555500DBE7}" ExpressionAsString="model.'$ReportSumEnumerated'.Value.InterestAmountShortTerm">
                  <Expression>
                    <ERExpressionRealItemValue ItemPath="model/$ReportSumEnumerated/Value/InterestAmountShortTerm" />
                  </Expression>
                </ERFormatComponentPropertyBinding>
                <ERFormatComponentPropertyBinding Component="{EFF9B071-B649-45D8-9B1F-FB974B21D8E5}" ExpressionAsString="model.'$ReportSumEnumerated'.Value.InterestAmountPastDue">
                  <Expression>
                    <ERExpressionRealItemValue ItemPath="model/$ReportSumEnumerated/Value/InterestAmountPastDue" />
                  </Expression>
                </ERFormatComponentPropertyBinding>
                <ERFormatComponentPropertyBinding Component="{47FB08D0-74C0-4D44-AF07-05E5464EACE9}" ExpressionAsString="model.'$ReportSumEnumerated'.Value.ISINCode &lt;&gt; &quot;&quot;" PropertyName="Enabled" SyntaxVersion="1">
                  <Expression>
                    <ERExpressionStringNotEquals>
                      <FirstExpression>
                        <ERExpressionStringItemValue ItemPath="model/$ReportSumEnumerated/Value/ISINCode" />
                      </FirstExpression>
                      <SecondExpression>
                        <ERExpressionStringConstant />
                      </SecondExpression>
                    </ERExpressionStringNotEquals>
                  </Expression>
                </ERFormatComponentPropertyBinding>
              </Contents.>
            </ERFormatBinding>
          </Binding>
          <Datasource>
            <ERModelDefinition>
              <PathsToCache>
                <ERPathsToCache />
              </PathsToCache>
              <Contents.>
                <ERModelItemDefinition>
                  <ValueDefinition>
                    <ERModelItemValueDefinition Name="model">
                      <ValueSource>
                        <ERModelDataSourceHandler DataContainerDescriptorName="KRD/KIPO" ModelGUID="{127E8DE0-4468-4F96-AEFD-7B5F9B8FEDF0}" RevisionNumber="7" />
                      </ValueSource>
                    </ERModelItemValueDefinition>
                  </ValueDefinition>
                </ERModelItemDefinition>
                <ERModelItemDefinition ParentPath="model">
                  <ValueDefinition>
                    <ERModelItemValueDefinition Name="$ReportSumEnumerated">
                      <ValueSource>
                        <ERModelExpressionItem ExpressionAsString="ENUMERATE(model.ReportSum)" SyntaxVersion="1">
                          <Expression>
                            <ERExpressionListCounter>
                              <Input>
                                <ERExpressionListItemValue ItemPath="model/ReportSum" />
                              </Input>
                            </ERExpressionListCounter>
                          </Expression>
                        </ERModelExpressionItem>
                      </ValueSource>
                    </ERModelItemValueDefinition>
                  </ValueDefinition>
                </ERModelItemDefinition>
                <ERModelItemDefinition ParentPath="model/$ReportSumEnumerated/Value">
                  <ValueDefinition>
                    <ERModelItemValueDefinition Name="$ClaimOrLiability">
                      <ValueSource>
                        <ERModelExpressionItem ExpressionAsString="IF(&#xA;   LEFT(model.'$ReportSumEnumerated'.Value.GroupCode, 1) = &quot;A&quot;,&#xA;   &quot;T&quot;,&#xA;   &quot;O&quot;&#xA;)" SyntaxVersion="1">
                          <Expression>
                            <ERExpressionGenericIf>
                              <Condition>
                                <ERExpressionStringEquals>
                                  <FirstExpression>
                                    <ERExpressionStringLeft>
                                      <Input>
                                        <ERExpressionStringItemValue ItemPath="model/$ReportSumEnumerated/Value/GroupCode" />
                                      </Input>
                                      <NumChars>
                                        <ERExpressionIntConstant Value="1" />
                                      </NumChars>
                                    </ERExpressionStringLeft>
                                  </FirstExpression>
                                  <SecondExpression>
                                    <ERExpressionStringConstant Value="A" />
                                  </SecondExpression>
                                </ERExpressionStringEquals>
                              </Condition>
                              <FalseValue>
                                <ERExpressionStringConstant Value="O" />
                              </FalseValue>
                              <TrueValue>
                                <ERExpressionStringConstant Value="T" />
                              </TrueValue>
                            </ERExpressionGenericIf>
                          </Expression>
                        </ERModelExpressionItem>
                      </ValueSource>
                    </ERModelItemValueDefinition>
                  </ValueDefinition>
                </ERModelItemDefinition>
                <ERModelItemDefinition ParentPath="model/$ReportSumEnumerated/Value">
                  <ValueDefinition>
                    <ERModelItemValueDefinition Name="$AffiliationType">
                      <ValueSource>
                        <ERModelExpressionItem ExpressionAsString="REPLACE(&#xA;    MID(model.'$ReportSumEnumerated'.Value.GroupCode, 2, 20),&#xA;    &quot;[^0-9]&quot;, &quot;&quot;, TRUE&#xA;)" SyntaxVersion="1">
                          <Expression>
                            <ERExpressionStringReplace>
                              <Input>
                                <ERExpressionStringMid>
                                  <Input>
                                    <ERExpressionStringItemValue ItemPath="model/$ReportSumEnumerated/Value/GroupCode" />
                                  </Input>
                                  <NumChars>
                                    <ERExpressionIntConstant Value="20" />
                                  </NumChars>
                                  <StartNum>
                                    <ERExpressionIntConstant Value="2" />
                                  </StartNum>
                                </ERExpressionStringMid>
                              </Input>
                              <IsRegexp>
                                <ERExpressionBooleanConstant Value="1" />
                              </IsRegexp>
                              <Pattern>
                                <ERExpressionStringConstant Value="[^0-9]" />
                              </Pattern>
                              <Replacement>
                                <ERExpressionStringConstant />
                              </Replacement>
                            </ERExpressionStringReplace>
                          </Expression>
                        </ERModelExpressionItem>
                      </ValueSource>
                    </ERModelItemValueDefinition>
                  </ValueDefinition>
                </ERModelItemDefinition>
                <ERModelItemDefinition>
                  <ValueDefinition>
                    <ERModelItemValueDefinition Name="FIMaturity">
                      <ValueSource>
                        <ERModelEnumDataSourceHandler ModelEnumName="FIMaturity" ModelGUID="{127E8DE0-4468-4F96-AEFD-7B5F9B8FEDF0}" RevisionNumber="7" />
                      </ValueSource>
                    </ERModelItemValueDefinition>
                  </ValueDefinition>
                </ERModelItemDefinition>
              </Contents.>
            </ERModelDefinition>
          </Datasource>
        </ERFormatMapping>
      </Mapping>
    </ERFormatMappingVersion>
  </Contents.>
</ERSolutionVersion>